Image URL,Post Permalink,Post URL
https://i.redd.it/hzz149c3qeua1.jpg,/r/pics/comments/12p8sex/tried_to_take_a_panoramic_picture_of_the_eiffel/,https://www.reddit.com/r/pics/comments/12p8sex/tried_to_take_a_panoramic_picture_of_the_eiffel/
https://i.imgur.com/Ips7ywt.jpg,/r/pics/comments/12mzi9c/long_exposure_at_the_eiffel_tower_oc/,https://www.reddit.com/r/pics/comments/12mzi9c/long_exposure_at_the_eiffel_tower_oc/
https://i.redd.it/gpj0a4alpksa1.jpg,/r/pics/comments/12f0f1x/the_eiffel_tower_from_the_seine/,https://www.reddit.com/r/pics/comments/12f0f1x/the_eiffel_tower_from_the_seine/
https://i.redd.it/ezbe9091qura1.jpg,/r/pics/comments/12bfu5y/history_fact_on_this_day_in_1889_the_eiffel_tower/,https://www.reddit.com/r/pics/comments/12bfu5y/history_fact_on_this_day_in_1889_the_eiffel_tower/
https://i.redd.it/ue7cv54bpoo91.jpg,/r/pics/comments/xhkyry/french_dinner_by_the_eiffel_tower_with_my_best/,https://www.reddit.com/r/pics/comments/xhkyry/french_dinner_by_the_eiffel_tower_with_my_best/
https://i.redd.it/v9qi29pusula1.jpg,/r/pics/comments/11ioadl/eiffel_tower_having_a_smoke/,https://www.reddit.com/r/pics/comments/11ioadl/eiffel_tower_having_a_smoke/
https://i.redd.it/zy6mhddye4ra1.jpg,/r/pics/comments/127m2li/rainbow_trashs_and_eiffel_tower/,https://www.reddit.com/r/pics/comments/127m2li/rainbow_trashs_and_eiffel_tower/
https://i.redd.it/rpa7n5o82uia1.jpg,/r/pics/comments/114ttyc/eiffel_tower_from_the_plane/,https://www.reddit.com/r/pics/comments/114ttyc/eiffel_tower_from_the_plane/
https://i.redd.it/iruaf5izbqba1.jpg,/r/pics/comments/10acs5h/the_eiffel_tower_at_golden_hour/,https://www.reddit.com/r/pics/comments/10acs5h/the_eiffel_tower_at_golden_hour/
https://i.redd.it/ha0kro3b3a3a1.jpg,/r/pics/comments/z9mfhi/i_needed_a_big_scenery_so_i_photographed_the_lego/,https://www.reddit.com/r/pics/comments/z9mfhi/i_needed_a_big_scenery_so_i_photographed_the_lego/
https://i.imgur.com/bXvBHVO.jpg,/r/pics/comments/10u2hur/eiffel_tower_as_seen_from_javel_oc/,https://www.reddit.com/r/pics/comments/10u2hur/eiffel_tower_as_seen_from_javel_oc/
https://i.redd.it/rg25tippovr81.jpg,/r/pics/comments/txi9eg/oc_eiffel_tower_at_night/,https://www.reddit.com/r/pics/comments/txi9eg/oc_eiffel_tower_at_night/
https://i.redd.it/d1nd7q87s4ca1.jpg,/r/pics/comments/10c3ezg/the_sign_at_the_top_of_the_eiffel_tower/,https://www.reddit.com/r/pics/comments/10c3ezg/the_sign_at_the_top_of_the_eiffel_tower/
https://i.redd.it/tcceu7z8098a1.jpg,/r/pics/comments/zvj4rv/eiffel_tower/,https://www.reddit.com/r/pics/comments/zvj4rv/eiffel_tower/
https://i.redd.it/k91x3v0sth5a1.jpg,/r/pics/comments/zjz9rn/the_side_of_the_eiffel_tower_paris_france/,https://www.reddit.com/r/pics/comments/zjz9rn/the_side_of_the_eiffel_tower_paris_france/
https://i.redd.it/w5mc5xe77fi91.jpg,/r/pics/comments/wrckvp/oc_eiffel_tower_stairs/,https://www.reddit.com/r/pics/comments/wrckvp/oc_eiffel_tower_stairs/
https://i.redd.it/spccme2ipzr91.png,/r/pics/comments/xwaufq/eiffel_tower_shot_through_a_love_lock_fence_oc/,https://www.reddit.com/r/pics/comments/xwaufq/eiffel_tower_shot_through_a_love_lock_fence_oc/
https://i.redd.it/v8tmcat4hyy91.png,/r/pics/comments/yqgt6y/painting_the_eiffel_tower_somebody_has_to_do_it/,https://www.reddit.com/r/pics/comments/yqgt6y/painting_the_eiffel_tower_somebody_has_to_do_it/
https://i.redd.it/rurt50pn4dv91.jpg,/r/pics/comments/yaoef5/she_shows_her_back_to_the_eiffel_tower_so_she_can/,https://www.reddit.com/r/pics/comments/yaoef5/she_shows_her_back_to_the_eiffel_tower_so_she_can/
https://i.redd.it/srzg3m329es91.jpg,/r/pics/comments/xy0lms/i_got_up_early_this_morning_to_take_a_picture_of/,https://www.reddit.com/r/pics/comments/xy0lms/i_got_up_early_this_morning_to_take_a_picture_of/
https://i.redd.it/lfhmzno4aor91.jpg,/r/pics/comments/xuyfm0/eiffel_tower_paris_france_2017_oc/,https://www.reddit.com/r/pics/comments/xuyfm0/eiffel_tower_paris_france_2017_oc/
https://i.redd.it/fml1z18fhal91.jpg,/r/pics/comments/x3emvp/timeslicing_the_eiffel_tower_oc3600x5400px/,https://www.reddit.com/r/pics/comments/x3emvp/timeslicing_the_eiffel_tower_oc3600x5400px/
https://i.redd.it/w92atmf8gms91.jpg,/r/pics/comments/xyzaev/eiffel_tower_paris_tn_oct_2022/,https://www.reddit.com/r/pics/comments/xyzaev/eiffel_tower_paris_tn_oct_2022/
https://i.redd.it/krab7ayq50u91.jpg,/r/pics/comments/y4tafa/eiffel_tower_with_the_colors_of_the_ukrainian_flag/,https://www.reddit.com/r/pics/comments/y4tafa/eiffel_tower_with_the_colors_of_the_ukrainian_flag/
https://i.imgur.com/1TMJRQc.jpg,/r/pics/comments/y35vyh/the_lights_of_the_eiffel_tower_from_the_sorbonne/,https://www.reddit.com/r/pics/comments/y35vyh/the_lights_of_the_eiffel_tower_from_the_sorbonne/
https://i.redd.it/v8zsvbs0ac891.jpg,/r/pics/comments/vmk2ad/underneath_eiffel_tower/,https://www.reddit.com/r/pics/comments/vmk2ad/underneath_eiffel_tower/
https://i.redd.it/u2vwbc3zzdd91.jpg,/r/pics/comments/w6et0i/eiffel_tower_las_vegas_oc/,https://www.reddit.com/r/pics/comments/w6et0i/eiffel_tower_las_vegas_oc/
https://i.redd.it/msqdighiskm81.jpg,/r/pics/comments/tb1b3h/eiffel_tower_today_from_my_work_desk_at_la/,https://www.reddit.com/r/pics/comments/tb1b3h/eiffel_tower_today_from_my_work_desk_at_la/
https://i.redd.it/co0b4d9908s11.jpg,/r/pics/comments/9o6mqk/tried_to_take_a_panoramic_picture_of_the_eiffel/,https://www.reddit.com/r/pics/comments/9o6mqk/tried_to_take_a_panoramic_picture_of_the_eiffel/
https://i.redd.it/g8bweubbv1991.jpg,/r/pics/comments/vpf93s/view_from_the_eiffel_tower_ca_2019/,https://www.reddit.com/r/pics/comments/vpf93s/view_from_the_eiffel_tower_ca_2019/
https://i.redd.it/i876fp213zk91.jpg,/r/pics/comments/x23n9q/oc_eiffel_tower_at_dusk/,https://www.reddit.com/r/pics/comments/x23n9q/oc_eiffel_tower_at_dusk/
https://i.imgur.com/M4nAPA2.jpg,/r/pics/comments/cct8kv/it_took_50_years_to_reach_the_point_where_i_could/,https://www.reddit.com/r/pics/comments/cct8kv/it_took_50_years_to_reach_the_point_where_i_could/
https://i.redd.it/jooez54b7npz.jpg,/r/pics/comments/741koq/in_2015_the_eiffel_tower_in_las_vegas_went_dark/,https://www.reddit.com/r/pics/comments/741koq/in_2015_the_eiffel_tower_in_las_vegas_went_dark/
https://i.redd.it/xg8otjy4wb781.jpg,/r/pics/comments/rn0ufn/eiffel_tower_under_construction_july_1888/,https://www.reddit.com/r/pics/comments/rn0ufn/eiffel_tower_under_construction_july_1888/
https://i.redd.it/klzpalltdta91.jpg,/r/pics/comments/vvvzfe/the_eiffel_tower_paris_oc/,https://www.reddit.com/r/pics/comments/vvvzfe/the_eiffel_tower_paris_oc/
https://i.redd.it/ouqn38jbbm381.jpg,/r/pics/comments/r935cf/a_rather_different_view_of_the_eiffel_tower/,https://www.reddit.com/r/pics/comments/r935cf/a_rather_different_view_of_the_eiffel_tower/
https://i.redd.it/lrdnar0996881.jpg,/r/pics/comments/rq0tip/eiffel_tower_tonight/,https://www.reddit.com/r/pics/comments/rq0tip/eiffel_tower_tonight/
https://i.redd.it/gg8ihjbd2is21.jpg,/r/pics/comments/bdlts7/a_burning_notre_dam_in_front_of_the_eiffel_tower/,https://www.reddit.com/r/pics/comments/bdlts7/a_burning_notre_dam_in_front_of_the_eiffel_tower/
https://i.redd.it/gsb5y77msnw71.jpg,/r/pics/comments/qjbhx4/i_sat_in_front_of_the_eiffel_tower_for_hours_and/,https://www.reddit.com/r/pics/comments/qjbhx4/i_sat_in_front_of_the_eiffel_tower_for_hours_and/
https://i.redd.it/1k5h26srggb81.jpg,/r/pics/comments/s2z7ym/slightly_different_view_of_the_eiffel_tower/,https://www.reddit.com/r/pics/comments/s2z7ym/slightly_different_view_of_the_eiffel_tower/
https://i.redd.it/hj01tovl2bs51.jpg,/r/pics/comments/j8owo9/eiffel_tower_caught_in_a_bottle/,https://www.reddit.com/r/pics/comments/j8owo9/eiffel_tower_caught_in_a_bottle/
https://i.redd.it/0pl4v3f5ahj81.jpg,/r/pics/comments/sz3900/oc_used_lego_eiffel_tower_for_a_steep_price_tag/,https://www.reddit.com/r/pics/comments/sz3900/oc_used_lego_eiffel_tower_for_a_steep_price_tag/
https://i.redd.it/28i5hl9lw0181.jpg,/r/pics/comments/qz5vbi/the_mighty_eiffel_tower_shot_yesterday_on_iphone/,https://www.reddit.com/r/pics/comments/qz5vbi/the_mighty_eiffel_tower_shot_yesterday_on_iphone/
https://i.redd.it/dab5expttfe51.jpg,/r/pics/comments/i1xftc/a_picture_i_took_of_eiffel_tower/,https://www.reddit.com/r/pics/comments/i1xftc/a_picture_i_took_of_eiffel_tower/
https://i.redd.it/bebphcq9gif81.jpg,/r/pics/comments/sj4frp/the_eiffel_tower_at_sunrise/,https://www.reddit.com/r/pics/comments/sj4frp/the_eiffel_tower_at_sunrise/
https://i.redd.it/7o1i32q2rg981.jpg,/r/pics/comments/rv08wf/britney_spears_in_eiffel_tower_in_2000/,https://www.reddit.com/r/pics/comments/rv08wf/britney_spears_in_eiffel_tower_in_2000/
https://i.redd.it/yyqqze8o4b791.jpg,/r/pics/comments/vipf4f/oc_parisian_view_from_the_top_of_the_eiffel_tower/,https://www.reddit.com/r/pics/comments/vipf4f/oc_parisian_view_from_the_top_of_the_eiffel_tower/
https://i.redd.it/nwc6dtfyx7a81.jpg,/r/pics/comments/ry1uju/eiffel_tower/,https://www.reddit.com/r/pics/comments/ry1uju/eiffel_tower/
https://i.redd.it/pe7boal0cg881.jpg,/r/pics/comments/rr4c17/eiffel_tower/,https://www.reddit.com/r/pics/comments/rr4c17/eiffel_tower/
https://i.redd.it/qco4tfcomf281.jpg,/r/pics/comments/r4j5uh/the_eiffel_tower_shot_with_my_phone_camera/,https://www.reddit.com/r/pics/comments/r4j5uh/the_eiffel_tower_shot_with_my_phone_camera/
https://i.redd.it/svypji4xzwr81.jpg,/r/pics/comments/txmt1y/oc_eiffel_tower_during_the_day/,https://www.reddit.com/r/pics/comments/txmt1y/oc_eiffel_tower_during_the_day/
https://i.redd.it/ujlb0ep0y1s61.jpg,/r/pics/comments/mn6q25/a_less_common_angle_of_the_eiffel_tower_next_to/,https://www.reddit.com/r/pics/comments/mn6q25/a_less_common_angle_of_the_eiffel_tower_next_to/
https://i.redd.it/vf0e5q8iyc891.jpg,/r/pics/comments/vmmgbn/eiffel_tower_handrail_oc/,https://www.reddit.com/r/pics/comments/vmmgbn/eiffel_tower_handrail_oc/
https://i.redd.it/jn47skhm4b791.jpg,/r/pics/comments/vipf0z/oc_parisian_view_from_the_top_of_the_eiffel_tower/,https://www.reddit.com/r/pics/comments/vipf0z/oc_parisian_view_from_the_top_of_the_eiffel_tower/
https://i.redd.it/jcb8ye2uf1w71.jpg,/r/pics/comments/qh3hwm/tried_to_get_an_artistic_shot_of_the_eiffel_tower/,https://www.reddit.com/r/pics/comments/qh3hwm/tried_to_get_an_artistic_shot_of_the_eiffel_tower/
https://i.redd.it/u8f4oc4xck181.jpg,/r/pics/comments/r18017/eiffel_tower/,https://www.reddit.com/r/pics/comments/r18017/eiffel_tower/
https://i.redd.it/c5wojku9h0z71.jpg,/r/pics/comments/qrrwi9/eiffel_tower_in_construction_paris_1888/,https://www.reddit.com/r/pics/comments/qrrwi9/eiffel_tower_in_construction_paris_1888/
https://i.redd.it/jhti1fiv7wl71.jpg,/r/pics/comments/pj0g8z/view_from_on_top_of_the_eiffel_tower/,https://www.reddit.com/r/pics/comments/pj0g8z/view_from_on_top_of_the_eiffel_tower/
https://i.redd.it/m96boyn8p4o01.jpg,/r/pics/comments/87a3xk/cool_shot_of_the_eiffel_tower_under_heavy_snow_at/,https://www.reddit.com/r/pics/comments/87a3xk/cool_shot_of_the_eiffel_tower_under_heavy_snow_at/
https://i.redd.it/mb0bl4ysfik61.jpg,/r/pics/comments/lvpf5l/the_eiffel_tower_under_construction_1888_colorized/,https://www.reddit.com/r/pics/comments/lvpf5l/the_eiffel_tower_under_construction_1888_colorized/
https://i.redd.it/rggfxjn2hqa81.jpg,/r/pics/comments/s02m5t/that_view_of_eiffel_tower_with_european_colors/,https://www.reddit.com/r/pics/comments/s02m5t/that_view_of_eiffel_tower_with_european_colors/
https://i.redd.it/ul81tzsqdhm71.jpg,/r/pics/comments/pkxzdl/the_eiffel_tower_under_construction_1888/,https://www.reddit.com/r/pics/comments/pkxzdl/the_eiffel_tower_under_construction_1888/
https://i.redd.it/2g5ne0wu49h61.jpg,/r/pics/comments/lj144k/most_beautiful_spot_to_see_the_eiffel_tower_from/,https://www.reddit.com/r/pics/comments/lj144k/most_beautiful_spot_to_see_the_eiffel_tower_from/
http://i.imgur.com/tDzHkWe.jpg,/r/pics/comments/2aqpl9/my_pic_of_eiffel_tower_last_night/,https://www.reddit.com/r/pics/comments/2aqpl9/my_pic_of_eiffel_tower_last_night/
https://i.imgur.com/BdYfI07.jpg,/r/pics/comments/4dglnu/underneath_the_eiffel_tower/,https://www.reddit.com/r/pics/comments/4dglnu/underneath_the_eiffel_tower/
https://i.redd.it/alrifemdpzz61.jpg,/r/pics/comments/nftqmi/eiffel_tower_cant_believe_i_got_to_see_it/,https://www.reddit.com/r/pics/comments/nftqmi/eiffel_tower_cant_believe_i_got_to_see_it/
https://i.redd.it/bei35evbhuw71.jpg,/r/pics/comments/qjxw60/a_1936_project_for_making_the_2nd_floor_of_the/,https://www.reddit.com/r/pics/comments/qjxw60/a_1936_project_for_making_the_2nd_floor_of_the/
https://c2.staticflickr.com/8/7091/27327032414_072016616b_k.jpg,/r/pics/comments/5enzae/i_took_a_photo_of_the_eiffel_tower_it_came_out/,https://www.reddit.com/r/pics/comments/5enzae/i_took_a_photo_of_the_eiffel_tower_it_came_out/
http://i.imgur.com/jXQHyU4.jpg,/r/pics/comments/2svr61/paris_from_the_eiffel_tower/,https://www.reddit.com/r/pics/comments/2svr61/paris_from_the_eiffel_tower/
http://i.imgur.com/CyuN0bm.jpg,/r/pics/comments/3t432d/the_eiffel_tower_right_now/,https://www.reddit.com/r/pics/comments/3t432d/the_eiffel_tower_right_now/
https://i.redd.it/qtzgd2bvhum71.jpg,/r/pics/comments/pm4hv7/laying_the_foundation_of_the_eiffel_tower_1887/,https://www.reddit.com/r/pics/comments/pm4hv7/laying_the_foundation_of_the_eiffel_tower_1887/
http://i.imgur.com/koDQJky.jpg,/r/pics/comments/2czosh/tried_to_take_a_picture_of_the_eiffel_tower_in_a/,https://www.reddit.com/r/pics/comments/2czosh/tried_to_take_a_picture_of_the_eiffel_tower_in_a/
https://i.redd.it/r1rdjnnwovo61.jpg,/r/pics/comments/mbu5uk/the_eiffel_tower_in_some_fog/,https://www.reddit.com/r/pics/comments/mbu5uk/the_eiffel_tower_in_some_fog/
https://i.redd.it/jy61dmwm0kw71.jpg,/r/pics/comments/qixplt/eiffel_tower_on_a_rainy_afternoon_oc/,https://www.reddit.com/r/pics/comments/qixplt/eiffel_tower_on_a_rainy_afternoon_oc/
https://i.imgur.com/vRa5O6T.jpg,/r/pics/comments/9zzo68/eiffel_tower_being_built_in_july_1888_colorized/,https://www.reddit.com/r/pics/comments/9zzo68/eiffel_tower_being_built_in_july_1888_colorized/
https://i.redd.it/8tkkki57rhk61.jpg,/r/pics/comments/lvm9so/seaweed_forming_the_eiffel_tower_underwater/,https://www.reddit.com/r/pics/comments/lvm9so/seaweed_forming_the_eiffel_tower_underwater/
http://i.imgur.com/qe9YkZp.jpg,/r/pics/comments/2r7hb3/structural_integrity_of_a_spaghetti_eiffel_tower/,https://www.reddit.com/r/pics/comments/2r7hb3/structural_integrity_of_a_spaghetti_eiffel_tower/
https://i.redd.it/ovs2ugltael71.jpg,/r/pics/comments/phiva1/eiffel_tower_from_2018_oc/,https://www.reddit.com/r/pics/comments/phiva1/eiffel_tower_from_2018_oc/
https://i.redd.it/5wsckxin1xk61.jpg,/r/pics/comments/lx9nw3/i_took_a_picture_of_the_eiffel_tower_through_a/,https://www.reddit.com/r/pics/comments/lx9nw3/i_took_a_picture_of_the_eiffel_tower_through_a/
http://i.imgur.com/wO3ziIg.jpg,/r/pics/comments/3oudaq/beautiful_view_of_the_eiffel_tower/,https://www.reddit.com/r/pics/comments/3oudaq/beautiful_view_of_the_eiffel_tower/
https://i.redd.it/5ed8ohzms0wy.jpg,/r/pics/comments/69pwnx/traveled_alone_and_wanted_a_good_pic_with_the/,https://www.reddit.com/r/pics/comments/69pwnx/traveled_alone_and_wanted_a_good_pic_with_the/
https://i.redd.it/oe2av6y6rvu71.jpg,/r/pics/comments/qd34a8/my_shot_of_eiffel_tower_paris/,https://www.reddit.com/r/pics/comments/qd34a8/my_shot_of_eiffel_tower_paris/
https://i.redd.it/ut2cvly1wyz71.jpg,/r/pics/comments/qv8xl4/a_picture_of_the_eiffel_tower_in_construction_i/,https://www.reddit.com/r/pics/comments/qv8xl4/a_picture_of_the_eiffel_tower_in_construction_i/
https://i.redd.it/sp3dblpnz6581.jpg,/r/pics/comments/rf0nt4/that_small_museum_with_eiffel_tower_view_in_the/,https://www.reddit.com/r/pics/comments/rf0nt4/that_small_museum_with_eiffel_tower_view_in_the/
https://i.redd.it/qinmaa7h7g671.jpg,/r/pics/comments/o49hfs/my_favorite_shot_of_eiffel_tower_that_i_took_4/,https://www.reddit.com/r/pics/comments/o49hfs/my_favorite_shot_of_eiffel_tower_that_i_took_4/
https://i.redd.it/zng7huipv9b71.jpg,/r/pics/comments/okhn7p/the_eiffel_tower_14_july/,https://www.reddit.com/r/pics/comments/okhn7p/the_eiffel_tower_14_july/
https://i.redd.it/ob0suwroc8n61.jpg,/r/pics/comments/m5qh3u/the_eiffel_tower_lit_up_at_night/,https://www.reddit.com/r/pics/comments/m5qh3u/the_eiffel_tower_lit_up_at_night/
https://i.redd.it/8fx38vn9y2r71.jpg,/r/pics/comments/q00ko7/took_a_picture_of_the_eiffel_tower/,https://www.reddit.com/r/pics/comments/q00ko7/took_a_picture_of_the_eiffel_tower/
https://i.redd.it/pe5o0en1m1d61.jpg,/r/pics/comments/l38fg0/a_few_years_ago_i_took_a_vertical_panoramic_shot/,https://www.reddit.com/r/pics/comments/l38fg0/a_few_years_ago_i_took_a_vertical_panoramic_shot/
https://i.redd.it/a52viyv0ry731.jpg,/r/pics/comments/c8frar/eiffel_tower_paris_france/,https://www.reddit.com/r/pics/comments/c8frar/eiffel_tower_paris_france/
https://i.redd.it/cbw3fsq4ru451.jpg,/r/pics/comments/h8rcg7/i_was_going_to_propose_at_the_eiffel_tower_but/,https://www.reddit.com/r/pics/comments/h8rcg7/i_was_going_to_propose_at_the_eiffel_tower_but/
https://i.redd.it/h59kbiop2tf61.jpg,/r/pics/comments/lds1qm/painting_the_eiffel_tower_1932/,https://www.reddit.com/r/pics/comments/lds1qm/painting_the_eiffel_tower_1932/
https://i.redd.it/te9p71vi1fw71.jpg,/r/pics/comments/qigmor/viva_las_vegas_a_view_from_the_paris_casinos/,https://www.reddit.com/r/pics/comments/qigmor/viva_las_vegas_a_view_from_the_paris_casinos/
https://i.redd.it/4f23e4kzvkn51.jpg,/r/pics/comments/iu59yn/when_a_lightning_strikes_the_eiffel_tower/,https://www.reddit.com/r/pics/comments/iu59yn/when_a_lightning_strikes_the_eiffel_tower/
https://i.redd.it/6g5201s1jqm71.jpg,/r/pics/comments/plswrt/eiffel_tower_on_a_winter_morning_oc/,https://www.reddit.com/r/pics/comments/plswrt/eiffel_tower_on_a_winter_morning_oc/
https://i.redd.it/r15o9xzkwyp71.jpg,/r/pics/comments/pw91vc/eiffel_tower_at_night/,https://www.reddit.com/r/pics/comments/pw91vc/eiffel_tower_at_night/
https://i.redd.it/sgll6jgnfo731.jpg,/r/pics/comments/c7rdj7/birdseye_view_of_the_eiffel_tower/,https://www.reddit.com/r/pics/comments/c7rdj7/birdseye_view_of_the_eiffel_tower/
http://i.imgur.com/DJ9lD5F.jpg,/r/pics/comments/1t9kc2/amazing_photo_of_paris_from_the_eiffel_tower/,https://www.reddit.com/r/pics/comments/1t9kc2/amazing_photo_of_paris_from_the_eiffel_tower/
http://i.imgur.com/1jVOL.jpg,/r/pics/comments/1643bw/paris_by_day_the_view_from_my_apartment_the_day/,https://www.reddit.com/r/pics/comments/1643bw/paris_by_day_the_view_from_my_apartment_the_day/
https://i.imgur.com/DRpjmns.jpg,/r/pics/comments/ml56de/the_eiffel_tower_on_a_foggy_evening_oc/,https://www.reddit.com/r/pics/comments/ml56de/the_eiffel_tower_on_a_foggy_evening_oc/
https://i.redd.it/5x1v5ryfo5y61.jpg,/r/pics/comments/n8myig/cherry_blossoms_and_the_eiffel_tower_absolutely/,https://www.reddit.com/r/pics/comments/n8myig/cherry_blossoms_and_the_eiffel_tower_absolutely/
http://i.imgur.com/qjEFHx0.jpg,/r/pics/comments/1kt9a7/looking_down_the_eiffel_tower/,https://www.reddit.com/r/pics/comments/1kt9a7/looking_down_the_eiffel_tower/
http://i.imgur.com/zNkttvT.jpg,/r/pics/comments/1oe7dc/the_eiffel_tower_through_fog/,https://www.reddit.com/r/pics/comments/1oe7dc/the_eiffel_tower_through_fog/
https://i.redd.it/21qau1csb0621.png,/r/pics/comments/a8tt87/burning_sky_over_eiffel_towerparis_france/,https://www.reddit.com/r/pics/comments/a8tt87/burning_sky_over_eiffel_towerparis_france/
https://i.redd.it/6d4tkss5rvl61.jpg,/r/pics/comments/m0rvrt/painting_i_did_of_the_lights_of_the_eiffel_tower/,https://www.reddit.com/r/pics/comments/m0rvrt/painting_i_did_of_the_lights_of_the_eiffel_tower/
https://i.redd.it/5y7h59olgux01.jpg,/r/pics/comments/8jdfju/anyone_whos_been_to_paris_probably_has_a_picture/,https://www.reddit.com/r/pics/comments/8jdfju/anyone_whos_been_to_paris_probably_has_a_picture/
https://i.redd.it/l8hoqrvvvkpz.jpg,/r/pics/comments/73z5z3/eiffel_tower_goes_dark_for_las_vegas/,https://www.reddit.com/r/pics/comments/73z5z3/eiffel_tower_goes_dark_for_las_vegas/
https://i.redd.it/7xk6padr7jj71.jpg,/r/pics/comments/pbexcn/the_eiffel_tower_flickering_good_night/,https://www.reddit.com/r/pics/comments/pbexcn/the_eiffel_tower_flickering_good_night/
https://i.redd.it/0wtvegba3s861.jpg,/r/pics/comments/koi3qh/a_pic_of_the_eiffel_tower_on_the_way_home/,https://www.reddit.com/r/pics/comments/koi3qh/a_pic_of_the_eiffel_tower_on_the_way_home/
https://i.redd.it/qu15yacywrz51.jpg,/r/pics/comments/jvqgng/sunrise_at_the_eiffel_tower/,https://www.reddit.com/r/pics/comments/jvqgng/sunrise_at_the_eiffel_tower/
https://i.redd.it/82y64ndzy0n71.jpg,/r/pics/comments/pmoas6/eiffel_tower_at_night/,https://www.reddit.com/r/pics/comments/pmoas6/eiffel_tower_at_night/
https://i.redd.it/oz1r0dokchy61.jpg,/r/pics/comments/n9v8hc/eiffel_tower_2018_me/,https://www.reddit.com/r/pics/comments/n9v8hc/eiffel_tower_2018_me/
https://i.redd.it/p9m5esb77ds51.jpg,/r/pics/comments/j8w3uu/picture_i_took_of_the_eiffel_tower_back_in_summer/,https://www.reddit.com/r/pics/comments/j8w3uu/picture_i_took_of_the_eiffel_tower_back_in_summer/
https://i.redd.it/l2aq1uto26h61.jpg,/r/pics/comments/lisgs5/the_eiffel_tower_july_1888/,https://www.reddit.com/r/pics/comments/lisgs5/the_eiffel_tower_july_1888/
http://i.imgur.com/fhyXcdj.jpg,/r/pics/comments/5pziq8/flipped_this_photo_of_the_eiffel_tower_because/,https://www.reddit.com/r/pics/comments/5pziq8/flipped_this_photo_of_the_eiffel_tower_because/
https://i.redd.it/d5fzeersaeu11.jpg,/r/pics/comments/9re872/a_spider_web_that_looks_like_a_tiny_eiffel_tower/,https://www.reddit.com/r/pics/comments/9re872/a_spider_web_that_looks_like_a_tiny_eiffel_tower/
https://i.redd.it/z4v3uqo26bp61.jpg,/r/pics/comments/mdhjup/the_eiffel_tower_at_night_in_the_fog/,https://www.reddit.com/r/pics/comments/mdhjup/the_eiffel_tower_at_night_in_the_fog/
https://i.redd.it/xeul2oce8qm61.jpg,/r/pics/comments/m3zh4a/giant_inflated_clitoris_in_front_of_eiffel_tower/,https://www.reddit.com/r/pics/comments/m3zh4a/giant_inflated_clitoris_in_front_of_eiffel_tower/
https://i.redd.it/cxp4890i1a761.jpg,/r/pics/comments/kjuhe0/finished_the_gingerbread_eiffel_tower_in_the_nick/,https://www.reddit.com/r/pics/comments/kjuhe0/finished_the_gingerbread_eiffel_tower_in_the_nick/
https://i.redd.it/dowc6by6p6t31.jpg,/r/pics/comments/djei2s/painting_i_did_of_the_eiffel_tower_inspired_by/,https://www.reddit.com/r/pics/comments/djei2s/painting_i_did_of_the_eiffel_tower_inspired_by/
https://i.redd.it/bis2i62fa1g61.jpg,/r/pics/comments/lek5i6/eiffel_tower_on_a_lonely_morning/,https://www.reddit.com/r/pics/comments/lek5i6/eiffel_tower_on_a_lonely_morning/
https://www.planetware.com/wpimages/2020/02/france-in-pictures-beautiful-places-to-photograph-eiffel-tower.jpg,/r/pics/comments/lw5x7e/the_eiffel_tower_looking_gorgeous/,https://www.reddit.com/r/pics/comments/lw5x7e/the_eiffel_tower_looking_gorgeous/
https://i.redd.it/cc6sqm73ys271.jpg,/r/pics/comments/nqftst/eiffel_tower_in_winter_oc/,https://www.reddit.com/r/pics/comments/nqftst/eiffel_tower_in_winter_oc/
http://i.imgur.com/SwASqTo.jpg,/r/pics/comments/1hpqqh/the_eiffel_tower_from_below/,https://www.reddit.com/r/pics/comments/1hpqqh/the_eiffel_tower_from_below/
https://i.imgur.com/1kK0L4Q.jpg,/r/pics/comments/j0zn7p/eiffel_tower_at_sunset/,https://www.reddit.com/r/pics/comments/j0zn7p/eiffel_tower_at_sunset/
http://i.imgur.com/tTo7r18.jpg,/r/pics/comments/44nc8n/the_eiffel_tower_july_1888_colorized_by_me/,https://www.reddit.com/r/pics/comments/44nc8n/the_eiffel_tower_july_1888_colorized_by_me/
https://i.imgur.com/GCa1Nfv.jpg,/r/pics/comments/ksh58p/lightning_hits_the_eiffel_tower/,https://www.reddit.com/r/pics/comments/ksh58p/lightning_hits_the_eiffel_tower/
https://i.imgur.com/b9PixKq.jpg,/r/pics/comments/ed7uon/mazing_photo_of_paris_from_the_eiffel_tower/,https://www.reddit.com/r/pics/comments/ed7uon/mazing_photo_of_paris_from_the_eiffel_tower/
http://i.imgur.com/rQBSW04.jpg,/r/pics/comments/2lcv77/paris_by_day_the_view_from_my_apartment_the_day/,https://www.reddit.com/r/pics/comments/2lcv77/paris_by_day_the_view_from_my_apartment_the_day/
https://i.redd.it/fmxgejggane01.jpg,/r/pics/comments/7vpzjo/a_spiders_recreation_of_the_eiffel_tower/,https://www.reddit.com/r/pics/comments/7vpzjo/a_spiders_recreation_of_the_eiffel_tower/
https://i.redd.it/9k7x8bx6eg331.jpg,/r/pics/comments/byt957/paris_from_the_eiffel_tower/,https://www.reddit.com/r/pics/comments/byt957/paris_from_the_eiffel_tower/
https://i.redd.it/u37bx344ma021.jpg,/r/pics/comments/9zz2e9/the_eiffel_tower_at_midnight/,https://www.reddit.com/r/pics/comments/9zz2e9/the_eiffel_tower_at_midnight/
https://i.redd.it/bk9384b9yy061.jpg,/r/pics/comments/jzffac/how_the_eiffel_tower_looks_from_below/,https://www.reddit.com/r/pics/comments/jzffac/how_the_eiffel_tower_looks_from_below/
https://i.imgur.com/ps7i9ra.jpg,/r/pics/comments/lgvtbp/if_only_there_were_another_letter_that_the_eiffel/,https://www.reddit.com/r/pics/comments/lgvtbp/if_only_there_were_another_letter_that_the_eiffel/
http://i.imgur.com/AhJjQ1H.jpg,/r/pics/comments/2mazyx/the_eiffel_tower_from_below/,https://www.reddit.com/r/pics/comments/2mazyx/the_eiffel_tower_from_below/
https://i.redd.it/1q8k798gupd71.jpg,/r/pics/comments/ositp0/eiffel_tower_on_film/,https://www.reddit.com/r/pics/comments/ositp0/eiffel_tower_on_film/
https://i.redd.it/fucj1p5g3bj61.jpg,/r/pics/comments/lqvdog/i_tried_to_made_the_eiffel_tower_with_some/,https://www.reddit.com/r/pics/comments/lqvdog/i_tried_to_made_the_eiffel_tower_with_some/
https://i.redd.it/9qfea1z3u8961.jpg,/r/pics/comments/kq189p/i_see_your_non_intersecting_infinity_table_and_i/,https://www.reddit.com/r/pics/comments/kq189p/i_see_your_non_intersecting_infinity_table_and_i/
http://i.imgur.com/7ZrLt.jpg,/r/pics/comments/tgtwd/eiffel_tower/,https://www.reddit.com/r/pics/comments/tgtwd/eiffel_tower/
http://i.imgur.com/HF7oE.jpg,/r/pics/comments/11b9er/just_discovered_the_panorama_feature_on_my_iphone/,https://www.reddit.com/r/pics/comments/11b9er/just_discovered_the_panorama_feature_on_my_iphone/
http://i.imgur.com/xQnlB75.jpg,/r/pics/comments/1r8gb9/the_eiffel_tower_from_below/,https://www.reddit.com/r/pics/comments/1r8gb9/the_eiffel_tower_from_below/
https://i.redd.it/bgk786sr24u51.jpg,/r/pics/comments/jea1ss/i_took_a_picture_of_the_eiffel_tower/,https://www.reddit.com/r/pics/comments/jea1ss/i_took_a_picture_of_the_eiffel_tower/
https://i.imgur.com/6lceXT1.jpg,/r/pics/comments/d202sf/the_eiffel_tower_during_a_fireworks_show_can/,https://www.reddit.com/r/pics/comments/d202sf/the_eiffel_tower_during_a_fireworks_show_can/
https://i.redd.it/x83735m8kdk51.jpg,/r/pics/comments/ik2n27/afternoon_in_paris_eiffel_tower/,https://www.reddit.com/r/pics/comments/ik2n27/afternoon_in_paris_eiffel_tower/
https://i.redd.it/z2uix5sjj2o61.jpg,/r/pics/comments/m8u1x2/my_photo_of_the_eiffel_tower_hehe_but_still_a/,https://www.reddit.com/r/pics/comments/m8u1x2/my_photo_of_the_eiffel_tower_hehe_but_still_a/
https://i.redd.it/4ttm1h3059c61.jpg,/r/pics/comments/l0fvzb/eiffel_tower_from_the_bank_of_the_seine/,https://www.reddit.com/r/pics/comments/l0fvzb/eiffel_tower_from_the_bank_of_the_seine/
https://i.redd.it/sr8yxurkyq561.jpg,/r/pics/comments/kex6kk/stages_of_building_the_eiffel_tower/,https://www.reddit.com/r/pics/comments/kex6kk/stages_of_building_the_eiffel_tower/
http://farm6.staticflickr.com/5470/7000453450_df357487ce_b.jpg,/r/pics/comments/t9k04/eiffel_tower_in_supermoonlight/,https://www.reddit.com/r/pics/comments/t9k04/eiffel_tower_in_supermoonlight/
https://i.redd.it/nm7kvurep0d61.jpg,/r/pics/comments/l361j3/picture_of_eiffel_tower/,https://www.reddit.com/r/pics/comments/l361j3/picture_of_eiffel_tower/
http://i.imgur.com/kEdw6.jpg,/r/pics/comments/mg64i/the_scale_of_the_eiffel_tower/,https://www.reddit.com/r/pics/comments/mg64i/the_scale_of_the_eiffel_tower/
https://i.redd.it/9g68v31nuz561.jpg,/r/pics/comments/kfrem2/eiffel_tower_through_the_trees/,https://www.reddit.com/r/pics/comments/kfrem2/eiffel_tower_through_the_trees/
https://i.redd.it/8so439e8d2j51.jpg,/r/pics/comments/ig3xsu/absolute_best_picture_i_got_of_the_eiffel_tower/,https://www.reddit.com/r/pics/comments/ig3xsu/absolute_best_picture_i_got_of_the_eiffel_tower/
https://i.redd.it/cn3mdf1yydy11.jpg,/r/pics/comments/9x5v8n/an_illegal_night_time_photo_of_the_eiffel_tower/,https://www.reddit.com/r/pics/comments/9x5v8n/an_illegal_night_time_photo_of_the_eiffel_tower/
https://i.redd.it/ve0amhy810961.jpg,/r/pics/comments/kp7t68/eiffel_tower/,https://www.reddit.com/r/pics/comments/kp7t68/eiffel_tower/
http://i.imgur.com/MlK7F.jpg,/r/pics/comments/mhhxe/the_eiffel_tower_from_another_different_angle/,https://www.reddit.com/r/pics/comments/mhhxe/the_eiffel_tower_from_another_different_angle/
https://i.redd.it/ua0xthfqtkz31.jpg,/r/pics/comments/dyfxdk/eiffel_tower_at_night_35mm_f4_30s_iso_800/,https://www.reddit.com/r/pics/comments/dyfxdk/eiffel_tower_at_night_35mm_f4_30s_iso_800/
https://i.redd.it/wjdweb5fv1z51.jpg,/r/pics/comments/jtl5e2/a_plain_pic_of_the_eiffel_tower/,https://www.reddit.com/r/pics/comments/jtl5e2/a_plain_pic_of_the_eiffel_tower/
https://i.redd.it/t8pd117gmds51.jpg,/r/pics/comments/j8xc61/the_eiffel_tower_paris/,https://www.reddit.com/r/pics/comments/j8xc61/the_eiffel_tower_paris/
https://i.redd.it/gwzvgvd2pd041.jpg,/r/pics/comments/e0e2eg/incredible_picture_of_lightning_striking_near_the/,https://www.reddit.com/r/pics/comments/e0e2eg/incredible_picture_of_lightning_striking_near_the/
https://i.redd.it/w47189tee3y61.jpg,/r/pics/comments/n8dq52/eiffel_tower_facing_le_sacré_coeur_night_paris/,https://www.reddit.com/r/pics/comments/n8dq52/eiffel_tower_facing_le_sacré_coeur_night_paris/
https://i.redd.it/9korr4shgiq21.jpg,/r/pics/comments/b9wohl/my_dad_took_a_picture_from_the_top_of_the_eiffel/,https://www.reddit.com/r/pics/comments/b9wohl/my_dad_took_a_picture_from_the_top_of_the_eiffel/
https://i.redd.it/ccmku5mfnhe61.jpg,/r/pics/comments/l8xit0/the_eiffel_tower_from_the_bottom/,https://www.reddit.com/r/pics/comments/l8xit0/the_eiffel_tower_from_the_bottom/
https://i.redd.it/fj2dzdyvi6821.jpg,/r/pics/comments/ac487u/eiffel_tower_in_the_fog_was_hoping_to_get_a/,https://www.reddit.com/r/pics/comments/ac487u/eiffel_tower_in_the_fog_was_hoping_to_get_a/
https://i.redd.it/fgh7pkptb8t51.jpg,/r/pics/comments/jbkhxz/light_painting_at_the_eiffel_tower/,https://www.reddit.com/r/pics/comments/jbkhxz/light_painting_at_the_eiffel_tower/
https://i.redd.it/jceskp3r11w01.jpg,/r/pics/comments/8h73jd/directly_beneath_the_eiffel_tower/,https://www.reddit.com/r/pics/comments/8h73jd/directly_beneath_the_eiffel_tower/
https://i.redd.it/8yq81be4kcu11.jpg,/r/pics/comments/9rb3zd/the_last_color_of_the_day_at_the_eiffel_tower/,https://www.reddit.com/r/pics/comments/9rb3zd/the_last_color_of_the_day_at_the_eiffel_tower/
https://i.redd.it/dqdn6zdd5ze61.jpg,/r/pics/comments/lal2p6/a_petit_eiffel_tower_in_the_snow_doggo_for_scale/,https://www.reddit.com/r/pics/comments/lal2p6/a_petit_eiffel_tower_in_the_snow_doggo_for_scale/
https://i.redd.it/d2dlvsuah9d51.jpg,/r/pics/comments/hye57w/eiffel_tower_at_night/,https://www.reddit.com/r/pics/comments/hye57w/eiffel_tower_at_night/
https://i.redd.it/q50ok27rves51.jpg,/r/pics/comments/j90kgl/eiffel_tower/,https://www.reddit.com/r/pics/comments/j90kgl/eiffel_tower/
https://i.redd.it/0269i2o7lx351.jpg,/r/pics/comments/h048ns/someone_took_a_panoramic_picture_of_eiffel_tower/,https://www.reddit.com/r/pics/comments/h048ns/someone_took_a_panoramic_picture_of_eiffel_tower/
https://i.redd.it/e1qpba1hn5261.jpg,/r/pics/comments/k376yi/vertical_panorama_at_the_eiffel_tower/,https://www.reddit.com/r/pics/comments/k376yi/vertical_panorama_at_the_eiffel_tower/
https://i.redd.it/nylt13gk2fq51.jpg,/r/pics/comments/j32cks/eiffel_tower_in_paris_texas/,https://www.reddit.com/r/pics/comments/j32cks/eiffel_tower_in_paris_texas/
https://i.redd.it/xoun5l4yfef31.jpg,/r/pics/comments/co0fc8/i_have_finally_seen_the_eiffel_tower_cheers/,https://www.reddit.com/r/pics/comments/co0fc8/i_have_finally_seen_the_eiffel_tower_cheers/
https://imgur.com/4yRxAdS.jpg,/r/pics/comments/4xj3oj/progress_of_the_eiffel_tower_oct_1887_mar_1889/,https://www.reddit.com/r/pics/comments/4xj3oj/progress_of_the_eiffel_tower_oct_1887_mar_1889/
https://i.redd.it/7chh5q7ufl811.jpg,/r/pics/comments/8wwhta/the_eiffel_tower_struck_by_lightning_zap/,https://www.reddit.com/r/pics/comments/8wwhta/the_eiffel_tower_struck_by_lightning_zap/
https://i.redd.it/ec9dpqipyz351.jpg,/r/pics/comments/h02bld/panoramic_eiffel_tower/,https://www.reddit.com/r/pics/comments/h02bld/panoramic_eiffel_tower/
https://i.redd.it/par4fl7jmfc31.jpg,/r/pics/comments/chm94a/lunar_eclipse_caught_in_the_eiffel_tower/,https://www.reddit.com/r/pics/comments/chm94a/lunar_eclipse_caught_in_the_eiffel_tower/
https://i.imgur.com/REJKP6z.jpg,/r/pics/comments/4x5kys/rejected_designs_for_the_eiffel_tower/,https://www.reddit.com/r/pics/comments/4x5kys/rejected_designs_for_the_eiffel_tower/
http://i.imgur.com/YXkb8wY.jpg,/r/pics/comments/2pr9ha/last_week_we_celebrated_the_french_firework/,https://www.reddit.com/r/pics/comments/2pr9ha/last_week_we_celebrated_the_french_firework/
https://i.redd.it/6ytqsvrpm1751.jpg,/r/pics/comments/hfklo9/hitler_at_the_eiffel_tower_paris_1940/,https://www.reddit.com/r/pics/comments/hfklo9/hitler_at_the_eiffel_tower_paris_1940/
https://i.redd.it/wujeywx8y4151.jpg,/r/pics/comments/gr081d/the_eiffel_tower_taken_by_me_01022015_an/,https://www.reddit.com/r/pics/comments/gr081d/the_eiffel_tower_taken_by_me_01022015_an/
https://i.redd.it/sasx0tj02j861.jpg,/r/pics/comments/knt5yp/eiffel_tower_in_paris_1957/,https://www.reddit.com/r/pics/comments/knt5yp/eiffel_tower_in_paris_1957/
https://i.redd.it/wny5i0j4u5l51.png,/r/pics/comments/imjhtx/the_eiffel_tower_close_up/,https://www.reddit.com/r/pics/comments/imjhtx/the_eiffel_tower_close_up/
https://i.redd.it/4hvbjbn3y6s31.jpg,/r/pics/comments/dh2dbp/photo_of_eiffel_tower_i_took_tonight/,https://www.reddit.com/r/pics/comments/dh2dbp/photo_of_eiffel_tower_i_took_tonight/
https://i.redd.it/bg6c1pm36u441.jpg,/r/pics/comments/eb2493/the_eiffel_tower_at_night_with_a_heavy_fog_op/,https://www.reddit.com/r/pics/comments/eb2493/the_eiffel_tower_at_night_with_a_heavy_fog_op/
https://i.redd.it/o960au2ct1z41.jpg,/r/pics/comments/gkny5p/up_zee_eiffel_tower/,https://www.reddit.com/r/pics/comments/gkny5p/up_zee_eiffel_tower/
https://i.redd.it/jcp586zl26c51.jpg,/r/pics/comments/hv3ebw/paris_full_moon_eiffel_tower_2019/,https://www.reddit.com/r/pics/comments/hv3ebw/paris_full_moon_eiffel_tower_2019/
https://i.redd.it/j6iovopfsk431.jpg,/r/pics/comments/c11ekk/view_from_the_top_of_the_eiffel_tower/,https://www.reddit.com/r/pics/comments/c11ekk/view_from_the_top_of_the_eiffel_tower/
https://i.redd.it/pl19as13a5v41.jpg,/r/pics/comments/g8ck16/side_view_of_the_eiffel_tower_in_paris_france/,https://www.reddit.com/r/pics/comments/g8ck16/side_view_of_the_eiffel_tower_in_paris_france/
https://i.redd.it/umeywucr65041.jpg,/r/pics/comments/dztsh9/i_recently_traveled_to_paris_and_saw_the_eiffel/,https://www.reddit.com/r/pics/comments/dztsh9/i_recently_traveled_to_paris_and_saw_the_eiffel/
https://i.imgur.com/lBdEJcO.jpg,/r/pics/comments/82qj61/what_the_eiffel_tower_in_paris_looks_like_from/,https://www.reddit.com/r/pics/comments/82qj61/what_the_eiffel_tower_in_paris_looks_like_from/
https://i.redd.it/ca36hp9jp9921.jpg,/r/pics/comments/adz7s3/its_amazing_what_a_phone_can_do_these_days_pixel/,https://www.reddit.com/r/pics/comments/adz7s3/its_amazing_what_a_phone_can_do_these_days_pixel/
https://i.redd.it/z2u2moqcg1901.jpg,/r/pics/comments/7p6vem/a_1936_project_for_making_the_2nd_floor_of_the/,https://www.reddit.com/r/pics/comments/7p6vem/a_1936_project_for_making_the_2nd_floor_of_the/
https://i.redd.it/z76k1wtp4t821.jpg,/r/pics/comments/ad5oxr/a_lightning_hitting_the_eiffel_tower_as_captured/,https://www.reddit.com/r/pics/comments/ad5oxr/a_lightning_hitting_the_eiffel_tower_as_captured/
https://i.redd.it/734kvohtvyd41.jpg,/r/pics/comments/ewat4q/eiffel_tower_paris_france_november_2019/,https://www.reddit.com/r/pics/comments/ewat4q/eiffel_tower_paris_france_november_2019/
https://i.redd.it/un8kk3brn1v41.jpg,/r/pics/comments/g836kp/eiffel_tower_at_sunset/,https://www.reddit.com/r/pics/comments/g836kp/eiffel_tower_at_sunset/
https://i.redd.it/2kr0huvhv0h61.jpg,/r/pics/comments/li8ao9/eiffel_tower_in_the_snow/,https://www.reddit.com/r/pics/comments/li8ao9/eiffel_tower_in_the_snow/
https://i.redd.it/hsrmurcx4rf31.jpg,/r/pics/comments/cosqwc/eiffel_tower_from_atop_the_arc_de_triomphe/,https://www.reddit.com/r/pics/comments/cosqwc/eiffel_tower_from_atop_the_arc_de_triomphe/
https://i.redd.it/m4urdcmebyk61.jpg,/r/pics/comments/lxdyos/pic_of_eiffel_tower_i_took_at_night/,https://www.reddit.com/r/pics/comments/lxdyos/pic_of_eiffel_tower_i_took_at_night/
https://i.redd.it/gfo35hencgc51.jpg,/r/pics/comments/hvz7f4/top_of_the_eiffel_tower/,https://www.reddit.com/r/pics/comments/hvz7f4/top_of_the_eiffel_tower/
https://i.redd.it/pjl63bdjmpe21.jpg,/r/pics/comments/anc5an/eiffel_tower/,https://www.reddit.com/r/pics/comments/anc5an/eiffel_tower/
https://i.redd.it/nb9exmzi71f61.jpg,/r/pics/comments/larq3r/city_view_of_paris_photograph_was_taken_from/,https://www.reddit.com/r/pics/comments/larq3r/city_view_of_paris_photograph_was_taken_from/
https://i.redd.it/mfge9sh7wgb41.jpg,/r/pics/comments/eqc0jc/a_sunset_pic_from_the_eiffel_tower_i_took_last/,https://www.reddit.com/r/pics/comments/eqc0jc/a_sunset_pic_from_the_eiffel_tower_i_took_last/
https://i.redd.it/fy8la8q444d01.jpg,/r/pics/comments/7txldz/directly_under_the_eiffel_tower/,https://www.reddit.com/r/pics/comments/7txldz/directly_under_the_eiffel_tower/
https://i.redd.it/vxr6x5qcozd51.jpg,/r/pics/comments/i0l9ni/the_view_when_you_hug_the_eiffel_tower/,https://www.reddit.com/r/pics/comments/i0l9ni/the_view_when_you_hug_the_eiffel_tower/
https://i.imgur.com/M5aCIxo.jpg,/r/pics/comments/eikn0c/the_eiffel_tower_on_a_misty_night/,https://www.reddit.com/r/pics/comments/eikn0c/the_eiffel_tower_on_a_misty_night/
https://i.redd.it/p75kjjllht051.jpg,/r/pics/comments/gq23yo/eiffel_tower_paris_france/,https://www.reddit.com/r/pics/comments/gq23yo/eiffel_tower_paris_france/
https://i.redd.it/ih5imjesvsg31.jpg,/r/pics/comments/cr5cns/also_the_eiffel_tower_at_night/,https://www.reddit.com/r/pics/comments/cr5cns/also_the_eiffel_tower_at_night/
https://i.redd.it/a61vufyqjcs41.png,/r/pics/comments/fzsz3e/eiffel_tower_paris_france_oc_3440x1440/,https://www.reddit.com/r/pics/comments/fzsz3e/eiffel_tower_paris_france_oc_3440x1440/
http://www.spaceweather.com/swpod2009/28may09/Hakim-Atek1.jpg,/r/pics/comments/bzf6n/the_upward_branching_in_this_photo_shows_that_the/,https://www.reddit.com/r/pics/comments/bzf6n/the_upward_branching_in_this_photo_shows_that_the/
https://i.redd.it/ztqyw0iddgc51.jpg,/r/pics/comments/hvza8a/view_of_the_eiffel_tower/,https://www.reddit.com/r/pics/comments/hvza8a/view_of_the_eiffel_tower/
https://i.redd.it/29cj913wi6o31.jpg,/r/pics/comments/d7th1p/obligatory_tourist_photo_of_the_eiffel_tower/,https://www.reddit.com/r/pics/comments/d7th1p/obligatory_tourist_photo_of_the_eiffel_tower/
https://i.redd.it/iggqp2sgbhz21.jpg,/r/pics/comments/br53ab/the_beautiful_eiffel_tower_photo_taken_by_me_on/,https://www.reddit.com/r/pics/comments/br53ab/the_beautiful_eiffel_tower_photo_taken_by_me_on/
https://i.redd.it/fizzooifm4o31.jpg,/r/pics/comments/d7ox1n/the_worlds_largest_advert_from_19251934_citroen/,https://www.reddit.com/r/pics/comments/d7ox1n/the_worlds_largest_advert_from_19251934_citroen/
https://i.redd.it/abmkoor0jyn21.jpg,/r/pics/comments/b4pyaq/eiffel_tower_paris/,https://www.reddit.com/r/pics/comments/b4pyaq/eiffel_tower_paris/
https://i.redd.it/c9xy01t8nbn41.jpg,/r/pics/comments/fkfwq0/nope_while_painting_the_eiffel_tower/,https://www.reddit.com/r/pics/comments/fkfwq0/nope_while_painting_the_eiffel_tower/
https://i.redd.it/1uajcv7b6th41.jpg,/r/pics/comments/f65b45/paris_before_a_rainstorm_as_seen_from_the_eiffel/,https://www.reddit.com/r/pics/comments/f65b45/paris_before_a_rainstorm_as_seen_from_the_eiffel/
https://i.redd.it/73ep9vhl8cm21.jpg,/r/pics/comments/b1jewb/unusual_perspective_of_eiffel_tower_photo_by/,https://www.reddit.com/r/pics/comments/b1jewb/unusual_perspective_of_eiffel_tower_photo_by/
https://i.redd.it/r81j0h26h0ra1.jpg,/r/LudwigAhgren/comments/1274kr3/the_eiffel_tower/,https://www.reddit.com/r/LudwigAhgren/comments/1274kr3/the_eiffel_tower/
https://i.redd.it/6klr62xkgqia1.jpg,/r/mildlyinteresting/comments/114i1bx/eiffel_tower_visible_from_cruising_altitude/,https://www.reddit.com/r/mildlyinteresting/comments/114i1bx/eiffel_tower_visible_from_cruising_altitude/
https://i.redd.it/b9yi6fhj9o9a1.png,/r/lego/comments/101jhm2/whats_your_opinion_on_the_lego_eiffel_tower/,https://www.reddit.com/r/lego/comments/101jhm2/whats_your_opinion_on_the_lego_eiffel_tower/
https://i.redd.it/zdy4ljaveana1.jpg,/r/lego/comments/11p6lsi/its_finally_done_my_eiffel_tower/,https://www.reddit.com/r/lego/comments/11p6lsi/its_finally_done_my_eiffel_tower/
https://i.redd.it/qb5hjhd2o3ta1.jpg,/r/Damnthatsinteresting/comments/12his5z/franz_reichelt_an_austrianborn_french_tailor/,https://www.reddit.com/r/Damnthatsinteresting/comments/12his5z/franz_reichelt_an_austrianborn_french_tailor/
https://i.redd.it/2gjfxp4h4oua1.jpg,/r/OldSchoolCool/comments/12qubbt/tina_turner_at_the_eiffel_tower_album_photo_shoot/,https://www.reddit.com/r/OldSchoolCool/comments/12qubbt/tina_turner_at_the_eiffel_tower_album_photo_shoot/
https://i.redd.it/jjvpndxi90ra1.jpg,/r/europe/comments/127ajhj/on_this_day_in_1889_the_eiffel_tower_was/,https://www.reddit.com/r/europe/comments/127ajhj/on_this_day_in_1889_the_eiffel_tower_was/
https://i.redd.it/8980jfai83ua1.jpg,/r/fuckcars/comments/12n1puo/the_project_of_massive_pedestrianization_of_the/,https://www.reddit.com/r/fuckcars/comments/12n1puo/the_project_of_massive_pedestrianization_of_the/
https://i.redd.it/8hmuq2d41kua1.png,/r/PrequelMemes/comments/12pxoxm/day_20_od_adding_whoever_the_top_comment_decides/,https://www.reddit.com/r/PrequelMemes/comments/12pxoxm/day_20_od_adding_whoever_the_top_comment_decides/
https://i.redd.it/o7yjr0swoota1.jpg,/r/ireland/comments/12kmugd/this_irish_butter_from_lidl_in_spain_has_the/,https://www.reddit.com/r/ireland/comments/12kmugd/this_irish_butter_from_lidl_in_spain_has_the/
https://i.redd.it/8t4usarj9xoa1.jpg,/r/Art/comments/11wgbuy/chocolate_sculpture_me_eiffel_tower_2023/,https://www.reddit.com/r/Art/comments/11wgbuy/chocolate_sculpture_me_eiffel_tower_2023/
https://i.redd.it/y1g473sak5ua1.png,/r/mildlyinteresting/comments/12ni8z1/the_things_seized_in_the_eiffel_tower_security/,https://www.reddit.com/r/mildlyinteresting/comments/12ni8z1/the_things_seized_in_the_eiffel_tower_security/
https://i.redd.it/2ow2nlh1f5ta1.jpg,/r/WeirdWings/comments/12hsyxy/franz_reichelt_before_his_fatal_jump_from_eiffel/,https://www.reddit.com/r/WeirdWings/comments/12hsyxy/franz_reichelt_before_his_fatal_jump_from_eiffel/
https://i.redd.it/epz7rl5dvlma1.jpg,/r/YouOnLifetime/comments/11mcxsc/ill_be_honest_i_felt_baited_by_the_eiffel_tower/,https://www.reddit.com/r/YouOnLifetime/comments/11mcxsc/ill_be_honest_i_felt_baited_by_the_eiffel_tower/
https://i.redd.it/5osv4cnes3qa1.png,/r/fakehistoryporn/comments/122q5od/the_french_destroying_the_eiffel_tower_over_the/,https://www.reddit.com/r/fakehistoryporn/comments/122q5od/the_french_destroying_the_eiffel_tower_over_the/
https://i.redd.it/o1grij3hu2ta1.jpg,/r/drawing/comments/12hmr10/hi_here_is_a_drawing_of_the_eiffel_tower_i_made_a/,https://www.reddit.com/r/drawing/comments/12hmr10/hi_here_is_a_drawing_of_the_eiffel_tower_i_made_a/
https://i.redd.it/mxx2quwqhmta1.jpg,/r/ShitAmericansSay/comments/12kj5nu/the_entertainment_capital_of_the_entire_planet/,https://www.reddit.com/r/ShitAmericansSay/comments/12kj5nu/the_entertainment_capital_of_the_entire_planet/
https://i.redd.it/lg1078g3fkta1.jpg,/r/Wallstreetsilver/comments/12k0k1g/the_eiffel_tower_20/,https://www.reddit.com/r/Wallstreetsilver/comments/12k0k1g/the_eiffel_tower_20/
https://frenchmoments.eu/wp-content/uploads/2014/05/xEiffel-Tower-Construction-7.jpg.pagespeed.ic.bcQxSy0xWR.jpg,/r/interestingasfuck/comments/1299a03/the_eiffel_tower_under_construction_from_dec_1887/,https://www.reddit.com/r/interestingasfuck/comments/1299a03/the_eiffel_tower_under_construction_from_dec_1887/
https://i.redd.it/d5358tv3tjsa1.png,/r/MoeMorphism/comments/12f3w6f/eiffel_tower/,https://www.reddit.com/r/MoeMorphism/comments/12f3w6f/eiffel_tower/
https://i.redd.it/i2zppq8qhcba1.jpg,/r/gaming/comments/108panu/nintendo_was_born_while_the_eiffel_tower_was/,https://www.reddit.com/r/gaming/comments/108panu/nintendo_was_born_while_the_eiffel_tower_was/
https://i.redd.it/ggp9bpybt5sa1.png,/r/JessetcSubmissions/comments/12d3iqo/eiffel_tower_part_1/,https://www.reddit.com/r/JessetcSubmissions/comments/12d3iqo/eiffel_tower_part_1/
https://i.redd.it/8980jfai83ua1.jpg,/r/notjustbikes/comments/12n1riz/the_project_of_massive_pedestrianization_of_the/,https://www.reddit.com/r/notjustbikes/comments/12n1riz/the_project_of_massive_pedestrianization_of_the/
https://exploringrworld.com/wp-content/uploads/2018/12/DSC04374-1170x780.jpg,/r/Slycooper/comments/1256na4/for_a_game_featuring_a_master_thief_who_based_in/,https://www.reddit.com/r/Slycooper/comments/1256na4/for_a_game_featuring_a_master_thief_who_based_in/
https://i.redd.it/yovy9ube61ka1.jpg,/r/ukraine/comments/11a6aso/the_eiffel_tower_is_light_up_in_yellow_and_blue/,https://www.reddit.com/r/ukraine/comments/11a6aso/the_eiffel_tower_is_light_up_in_yellow_and_blue/
https://i.redd.it/v1arhn17spla1.png,/r/hoi4/comments/11hxv90/this_is_how_france_built_the_eiffel_tower/,https://www.reddit.com/r/hoi4/comments/11hxv90/this_is_how_france_built_the_eiffel_tower/
https://i.redd.it/hmbfewap51ka1.jpg,/r/UkraineWarVideoReport/comments/11a67f9/eiffel_tower_now/,https://www.reddit.com/r/UkraineWarVideoReport/comments/11a67f9/eiffel_tower_now/
https://i.redd.it/lr3dbmjn0cla1.png,/r/shittymoviedetails/comments/11fxyot/in_imax_2023_keanu_reeves_plays_a_guy_called_max/,https://www.reddit.com/r/shittymoviedetails/comments/11fxyot/in_imax_2023_keanu_reeves_plays_a_guy_called_max/
https://i.imgur.com/8vWpxxO.jpg,/r/iPhoneography/comments/12mzhz3/long_exposure_at_the_eiffel_tower/,https://www.reddit.com/r/iPhoneography/comments/12mzhz3/long_exposure_at_the_eiffel_tower/
https://i.redd.it/3ola78rqa2na1.jpg,/r/victoria2/comments/11o89vq/eiffel_tower_in_barcelona/,https://www.reddit.com/r/victoria2/comments/11o89vq/eiffel_tower_in_barcelona/
https://i.redd.it/tzgg90mpm5ua1.jpg,/r/itookapicture/comments/12nio3i/itap_of_the_eiffel_tower_rivets_paris/,https://www.reddit.com/r/itookapicture/comments/12nio3i/itap_of_the_eiffel_tower_rivets_paris/
https://i.redd.it/o6ek4tqxzita1.jpg,/r/civ/comments/12jsgw3/eiffel_tower_preserve_everytime/,https://www.reddit.com/r/civ/comments/12jsgw3/eiffel_tower_preserve_everytime/
https://i.redd.it/mcb2mfw52q8a1.jpg,/r/lego/comments/zxgoe8/hot_tip_if_you_buy_an_800_lego_bag_they_give_you/,https://www.reddit.com/r/lego/comments/zxgoe8/hot_tip_if_you_buy_an_800_lego_bag_they_give_you/
https://i.redd.it/ropsxye4w2ta1.jpg,/r/dragonutopia/comments/12hmrqy/franz_reichelt_before_his_fatal_jump_from_eiffel/,https://www.reddit.com/r/dragonutopia/comments/12hmrqy/franz_reichelt_before_his_fatal_jump_from_eiffel/
https://i.redd.it/f8tfjda1dv6a1.jpg,/r/notinteresting/comments/zpttiq/i_took_a_photo_of_the_eiffel_tower/,https://www.reddit.com/r/notinteresting/comments/zpttiq/i_took_a_photo_of_the_eiffel_tower/
https://i.redd.it/gfvqbkjnc3qa1.jpg,/r/TheWayWeWere/comments/122gnnl/progress_of_the_eiffel_tower_28_january_188715/,https://www.reddit.com/r/TheWayWeWere/comments/122gnnl/progress_of_the_eiffel_tower_28_january_188715/
https://i.redd.it/kl9u3jlcj7ra1.jpg,/r/shittymoviedetails/comments/128c6ix/in_spite_of_promotional_material_containing/,https://www.reddit.com/r/shittymoviedetails/comments/128c6ix/in_spite_of_promotional_material_containing/
https://i.redd.it/9n3gsd7tn9ea1.jpg,/r/lego/comments/10l4b7t/do_you_guys_think_that_this_toy_or_structure_in/,https://www.reddit.com/r/lego/comments/10l4b7t/do_you_guys_think_that_this_toy_or_structure_in/
https://i.redd.it/z6emqa4twwta1.jpg,/r/PhotoshopRequest/comments/12m1kcy/please_clean_up_this_photo_of_my_wife_walking/,https://www.reddit.com/r/PhotoshopRequest/comments/12m1kcy/please_clean_up_this_photo_of_my_wife_walking/
https://i.redd.it/vnx40q6m6pra1.jpg,/r/MakimaDivinity/comments/12ahosy/horsemen_just_chilling_in_paris_in_1940_art_by/,https://www.reddit.com/r/MakimaDivinity/comments/12ahosy/horsemen_just_chilling_in_paris_in_1940_art_by/
https://i.redd.it/ceplrg4da1pa1.jpg,/r/LasVegas/comments/11x8jww/view_from_the_top_of_the_eiffel_tower/,https://www.reddit.com/r/LasVegas/comments/11x8jww/view_from_the_top_of_the_eiffel_tower/
https://i.redd.it/9tzlp7nfz82a1.jpg,/r/lego/comments/z4vk6d/eiffel_tower_bags_132/,https://www.reddit.com/r/lego/comments/z4vk6d/eiffel_tower_bags_132/
https://i.redd.it/jjvpndxi90ra1.jpg,/r/Tartaria/comments/127fza8/on_this_day_in_1889_the_eiffel_tower_was/,https://www.reddit.com/r/Tartaria/comments/127fza8/on_this_day_in_1889_the_eiffel_tower_was/
https://i.redd.it/dytnfsrt2kta1.jpg,/r/BeAmazed/comments/12k7b1g/eiffel_tower_scenery/,https://www.reddit.com/r/BeAmazed/comments/12k7b1g/eiffel_tower_scenery/
https://i.redd.it/uaf7pjre86v91.jpg,/r/PoliticalHumor/comments/y9vj0a/marjorie_greene_admires_the_eiffel_tower/,https://www.reddit.com/r/PoliticalHumor/comments/y9vj0a/marjorie_greene_admires_the_eiffel_tower/
https://i.redd.it/4cpkzdz27xqa1.jpg,/r/CrossStitch/comments/126vdfs/wip_my_kids_are_obsessed_with_eiffel_tower_and/,https://www.reddit.com/r/CrossStitch/comments/126vdfs/wip_my_kids_are_obsessed_with_eiffel_tower_and/
https://i.redd.it/tus1sh6bh6ga1.jpg,/r/lastimages/comments/10th2hb/in_1912_franz_reichelt_tested_his_homemade_flying/,https://www.reddit.com/r/lastimages/comments/10th2hb/in_1912_franz_reichelt_tested_his_homemade_flying/
https://i.redd.it/3es68k0m3tka1.jpg,/r/vegas/comments/11dh8yc/rock_and_roll_half_marathon_this_man_ran_the/,https://www.reddit.com/r/vegas/comments/11dh8yc/rock_and_roll_half_marathon_this_man_ran_the/
https://i.redd.it/qly7m86x2kta1.jpg,/r/CityPorn/comments/12k7b92/eiffel_tower_scenery_1920x1080/,https://www.reddit.com/r/CityPorn/comments/12k7b92/eiffel_tower_scenery_1920x1080/
https://i.redd.it/jjvpndxi90ra1.jpg,/r/RetroFuturism/comments/127ul08/on_this_day_in_1889_the_eiffel_tower_was/,https://www.reddit.com/r/RetroFuturism/comments/127ul08/on_this_day_in_1889_the_eiffel_tower_was/
https://i.redd.it/pa4t8epciyha1.jpg,/r/CityPorn/comments/11182l4/took_this_picture_of_two_guys_watching_the_eiffel/,https://www.reddit.com/r/CityPorn/comments/11182l4/took_this_picture_of_two_guys_watching_the_eiffel/
https://i.redd.it/luu83adulnda1.jpg,/r/Welding/comments/10im1y3/view_from_the_eiffel_tower_paris/,https://www.reddit.com/r/Welding/comments/10im1y3/view_from_the_eiffel_tower_paris/
https://i.redd.it/s1osb53bauna1.png,/r/SCBuildIt/comments/11rg6zt/still_cant_believe_that_this_thing_has_the_same/,https://www.reddit.com/r/SCBuildIt/comments/11rg6zt/still_cant_believe_that_this_thing_has_the_same/
https://i.redd.it/hxpl9qlk3cqa1.jpg,/r/ViewPorn/comments/123oohw/view_from_eiffel_tower_in_paris_france/,https://www.reddit.com/r/ViewPorn/comments/123oohw/view_from_eiffel_tower_in_paris_france/
https://i.redd.it/lg8cvab6azra1.jpg,/r/whatintarnation/comments/12bxia0/what_in_eiffel_tower_augmentation/,https://www.reddit.com/r/whatintarnation/comments/12bxia0/what_in_eiffel_tower_augmentation/
https://i.redd.it/f8qfdrlvtbsa1.png,/r/JessetcSubmissions/comments/12dxif0/eiffel_tower_part_2_gonna_work_on_the_legs/,https://www.reddit.com/r/JessetcSubmissions/comments/12dxif0/eiffel_tower_part_2_gonna_work_on_the_legs/
https://i.redd.it/6lna2m42a1ia1.jpg,/r/AgeGapRelationship/comments/111mau5/at_the_top_of_the_eiffel_tower_where_i_picked_up/,https://www.reddit.com/r/AgeGapRelationship/comments/111mau5/at_the_top_of_the_eiffel_tower_where_i_picked_up/
https://i.redd.it/pi311eixzxqa1.jpg,/r/mildlypenis/comments/126rl2o/eiffel_tower_rings_in_paris/,https://www.reddit.com/r/mildlypenis/comments/126rl2o/eiffel_tower_rings_in_paris/
https://i.redd.it/yzr78uyimqpa1.jpg,/r/Pikmin/comments/120v1uu/in_hopes_of_being_in_pikmin_4_the_bulbmin_are/,https://www.reddit.com/r/Pikmin/comments/120v1uu/in_hopes_of_being_in_pikmin_4_the_bulbmin_are/
https://i.redd.it/4gtox9e4a3ia1.jpg,/r/lepin/comments/111oq0y/i_finally_received_the_parts_i_needed_from/,https://www.reddit.com/r/lepin/comments/111oq0y/i_finally_received_the_parts_i_needed_from/
https://i.redd.it/5lnetyhiwzna1.jpg,/r/RedditThroughHistory/comments/11sehbp/who_the_hell_thought_putting_an_ad_right_on_the/,https://www.reddit.com/r/RedditThroughHistory/comments/11sehbp/who_the_hell_thought_putting_an_ad_right_on_the/
https://i.redd.it/6klr62xkgqia1.jpg,/r/FindTheSniper/comments/114kzpg/find_the_eiffel_tower/,https://www.reddit.com/r/FindTheSniper/comments/114kzpg/find_the_eiffel_tower/
https://i.redd.it/w4v8oq8e5fqa1.jpg,/r/sunset/comments/12476jy/sunset_in_paris_with_the_eiffel_tower_on_the/,https://www.reddit.com/r/sunset/comments/12476jy/sunset_in_paris_with_the_eiffel_tower_on_the/
https://i.redd.it/n8wtio203kta1.jpg,/r/wallpapers/comments/12k7bnk/eiffel_tower_scenery_1920x1080/,https://www.reddit.com/r/wallpapers/comments/12k7bnk/eiffel_tower_scenery_1920x1080/
https://i.redd.it/s67mvb6ssm8a1.jpg,/r/itookapicture/comments/zx3chg/itap_of_the_eiffel_tower_at_night/,https://www.reddit.com/r/itookapicture/comments/zx3chg/itap_of_the_eiffel_tower_at_night/
https://i.imgur.com/vdr7A8Q.jpg,/r/MostBeautiful/comments/12mzigb/long_exposure_at_the_eiffel_tower_oc/,https://www.reddit.com/r/MostBeautiful/comments/12mzigb/long_exposure_at_the_eiffel_tower_oc/
https://i.redd.it/fqs6xcid0eja1.jpg,/r/itookapicture/comments/1176q8f/itap_of_the_eiffel_tower/,https://www.reddit.com/r/itookapicture/comments/1176q8f/itap_of_the_eiffel_tower/
https://i.redd.it/5z098q7lcrpa1.jpg,/r/exposemakeupqueenn30/comments/120q1or/her_mouth_area_is_just_and_the_top_of_this_eiffel/,https://www.reddit.com/r/exposemakeupqueenn30/comments/120q1or/her_mouth_area_is_just_and_the_top_of_this_eiffel/
https://i.redd.it/yyc5q7b7l9qa1.jpg,/r/wwi/comments/123jnka/machine_guns_installed_on_a_platform_on_the/,https://www.reddit.com/r/wwi/comments/123jnka/machine_guns_installed_on_a_platform_on_the/
https://i.redd.it/1z0gu30kod6a1.jpg,/r/SweatyPalms/comments/znr2ea/painting_the_eiffel_tower_1932/,https://www.reddit.com/r/SweatyPalms/comments/znr2ea/painting_the_eiffel_tower_1932/
https://i.redd.it/zez1emj1iota1.jpg,/r/analog/comments/12kut1c/eiffel_tower_leica_m6_voigtlander_35mm_25_portra/,https://www.reddit.com/r/analog/comments/12kut1c/eiffel_tower_leica_m6_voigtlander_35mm_25_portra/
https://i.redd.it/4rk9jvukqmja1.jpg,/r/photocritique/comments/118crbd/paris_eiffel_tower/,https://www.reddit.com/r/photocritique/comments/118crbd/paris_eiffel_tower/
https://i.redd.it/eft0e0dzqoqa1.jpg,/r/legomeme/comments/125i28z/ah_yes_eiffel_tower/,https://www.reddit.com/r/legomeme/comments/125i28z/ah_yes_eiffel_tower/
https://i.redd.it/9q8ovsbqqxna1.png,/r/PizzaTower/comments/11s2mbm/i_love_the_eiffel_tower/,https://www.reddit.com/r/PizzaTower/comments/11s2mbm/i_love_the_eiffel_tower/
https://i.redd.it/lehbvkam41oa1.jpg,/r/Damnthatsinteresting/comments/11sk6ix/what_the_eiffel_tower_looked_like_from_1925_to/,https://www.reddit.com/r/Damnthatsinteresting/comments/11sk6ix/what_the_eiffel_tower_looked_like_from_1925_to/
https://i.redd.it/5jzxj5dk2pra1.jpg,/r/midjourney/comments/12ah5ih/the_eiffel_tower_in_switzerland/,https://www.reddit.com/r/midjourney/comments/12ah5ih/the_eiffel_tower_in_switzerland/
https://i.redd.it/w0szc3drujsa1.jpg,/r/mildlypenis/comments/12ev5rb/the_eiffel_tower_in_the_back_of_a_caricature_i/,https://www.reddit.com/r/mildlypenis/comments/12ev5rb/the_eiffel_tower_in_the_back_of_a_caricature_i/
https://i.imgur.com/TqjXXka.jpg,/r/ramen/comments/127jh4d/good_morning_happy_eiffel_tower_day_shin_gourmet/,https://www.reddit.com/r/ramen/comments/127jh4d/good_morning_happy_eiffel_tower_day_shin_gourmet/
https://i.redd.it/nvplihly2kta1.jpg,/r/wallpaper/comments/12k7bg7/eiffel_tower_scenery_1920x1080/,https://www.reddit.com/r/wallpaper/comments/12k7bg7/eiffel_tower_scenery_1920x1080/
https://i.redd.it/wno0l3ekh24a1.jpg,/r/lego/comments/zd4p93/i_needed_a_big_scenery_so_i_photographed_the_lego/,https://www.reddit.com/r/lego/comments/zd4p93/i_needed_a_big_scenery_so_i_photographed_the_lego/
https://i.redd.it/23knuh9goyna1.jpg,/r/NatureIsFuckingLit/comments/11s7z54/this_eiffel_tower_recreated_by_a_spider/,https://www.reddit.com/r/NatureIsFuckingLit/comments/11s7z54/this_eiffel_tower_recreated_by_a_spider/
https://i.redd.it/ghfumyymqq5a1.jpg,/r/lego/comments/zl181a/building_the_eiffel_tower_in_a_nutshell/,https://www.reddit.com/r/lego/comments/zl181a/building_the_eiffel_tower_in_a_nutshell/
https://i.redd.it/uvbgzhzzjf4a1.jpg,/r/lego/comments/zepv8a/finished_the_eiffel_tower_great_build_will_be/,https://www.reddit.com/r/lego/comments/zepv8a/finished_the_eiffel_tower_great_build_will_be/
https://i.redd.it/u3hh06k0wsoa1.jpg,/r/itookapicture/comments/11vxe8x/itap_of_the_eiffel_tower/,https://www.reddit.com/r/itookapicture/comments/11vxe8x/itap_of_the_eiffel_tower/
https://i.redd.it/8ue8adxgtgua1.jpg,/r/sexybuildings/comments/12pm3g0/eiffel_tower/,https://www.reddit.com/r/sexybuildings/comments/12pm3g0/eiffel_tower/
https://i.redd.it/e469yqxvu1ra1.jpg,/r/HistoryPorn/comments/127ayl8/the_eiffel_tower_lit_up_at_night_for_the_paris/,https://www.reddit.com/r/HistoryPorn/comments/127ayl8/the_eiffel_tower_lit_up_at_night_for_the_paris/
https://i.imgur.com/fbNQoru.jpg,/r/itookapicture/comments/12pud6f/itap_of_the_eiffel_tower/,https://www.reddit.com/r/itookapicture/comments/12pud6f/itap_of_the_eiffel_tower/
https://i.redd.it/8mrv3ws4vsoa1.jpg,/r/lego/comments/11vx9a6/titanic_eiffel_towermaybe_a_possibility_for_legos/,https://www.reddit.com/r/lego/comments/11vx9a6/titanic_eiffel_towermaybe_a_possibility_for_legos/
https://i.redd.it/9snk93atm52a1.jpg,/r/lego/comments/z4fo2h/i_would_have_slept_in_if_she_didnt_set_5/,https://www.reddit.com/r/lego/comments/z4fo2h/i_would_have_slept_in_if_she_didnt_set_5/
https://i.redd.it/mvon6pezr2ra1.jpg,/r/BatmanArkham/comments/127l9al/happy_eiffel_tower_day/,https://www.reddit.com/r/BatmanArkham/comments/127l9al/happy_eiffel_tower_day/
https://i.redd.it/17br3a3zus7a1.jpg,/r/OldPhotosInRealLife/comments/zu4seq/looking_straight_down_from_the_eiffel_tower_1965/,https://www.reddit.com/r/OldPhotosInRealLife/comments/zu4seq/looking_straight_down_from_the_eiffel_tower_1965/
https://i.redd.it/3m8z9qt8svna1.jpg,/r/navy/comments/11rnx0o/if_us_navy_ships_can_survive_looking_like_that/,https://www.reddit.com/r/navy/comments/11rnx0o/if_us_navy_ships_can_survive_looking_like_that/
https://i.redd.it/h3cnheth5vaa1.jpg,/r/AlternateHistory/comments/106jdkl/what_if_france_built_the_la_liberté_éclairant_le/,https://www.reddit.com/r/AlternateHistory/comments/106jdkl/what_if_france_built_the_la_liberté_éclairant_le/
https://i.redd.it/7i42x2ahbuoa1.jpg,/r/lego/comments/11w4qn9/finally_finished_the_eiffel_tower/,https://www.reddit.com/r/lego/comments/11w4qn9/finally_finished_the_eiffel_tower/
https://i.redd.it/2gjfxp4h4oua1.jpg,/r/LadiesOfThe80s/comments/12r8z52/tina_turner_at_the_eiffel_tower_album_photo_shoot/,https://www.reddit.com/r/LadiesOfThe80s/comments/12r8z52/tina_turner_at_the_eiffel_tower_album_photo_shoot/
https://i.redd.it/9fh4x38ystta1.jpg,/r/photographs/comments/12ll5lp/eiffel_tower/,https://www.reddit.com/r/photographs/comments/12ll5lp/eiffel_tower/
https://i.redd.it/vb8ef7njnzka1.png,/r/Minecraftbuilds/comments/11eivwy/france_eiffel_tower/,https://www.reddit.com/r/Minecraftbuilds/comments/11eivwy/france_eiffel_tower/
https://i.redd.it/nxm8e3gs6hoa1.jpg,/r/photographs/comments/11ukkp1/the_eiffel_tower_never_fails_to_amaze/,https://www.reddit.com/r/photographs/comments/11ukkp1/the_eiffel_tower_never_fails_to_amaze/
https://i.redd.it/2n8lzstkd9pa1.jpg,/r/itookapicture/comments/11yd6me/itap_of_the_eiffel_tower/,https://www.reddit.com/r/itookapicture/comments/11yd6me/itap_of_the_eiffel_tower/
https://i.redd.it/tx7a3i9qe7fa1.jpg,/r/architecture/comments/10p6gb5/various_1890_proposals_for_a_great_tower_of/,https://www.reddit.com/r/architecture/comments/10p6gb5/various_1890_proposals_for_a_great_tower_of/
https://i.redd.it/ms0kf5clo7sa1.jpg,/r/aww/comments/12dbrq9/captured_the_coolness_of_this_pup_running_around/,https://www.reddit.com/r/aww/comments/12dbrq9/captured_the_coolness_of_this_pup_running_around/
https://i.redd.it/bsia5pcjtbra1.jpg,/r/RedFloodMod/comments/128wuk4/a_painting_i_saw_at_the_philadelphia_museum_of/,https://www.reddit.com/r/RedFloodMod/comments/128wuk4/a_painting_i_saw_at_the_philadelphia_museum_of/
https://i.redd.it/st8rt1j8f48a1.jpg,/r/lego/comments/zv2gp7/eiffel_tower_is_such_a_beautiful_set/,https://www.reddit.com/r/lego/comments/zv2gp7/eiffel_tower_is_such_a_beautiful_set/
https://i.redd.it/ttbbtrpvveda1.jpg,/r/shitposting/comments/10hnwif/the_famous_eiffel_tower_melts_due_to_climate/,https://www.reddit.com/r/shitposting/comments/10hnwif/the_famous_eiffel_tower_melts_due_to_climate/
https://i.redd.it/bosrpi70lsna1.jpg,/r/itookapicture/comments/11reqyl/itap_of_the_eiffel_tower/,https://www.reddit.com/r/itookapicture/comments/11reqyl/itap_of_the_eiffel_tower/
https://i.redd.it/cdhnf8ea493a1.png,/r/Minecraftbuilds/comments/z9j2z1/i_am_building_the_eiffel_tower_in_minecraft/,https://www.reddit.com/r/Minecraftbuilds/comments/z9j2z1/i_am_building_the_eiffel_tower_in_minecraft/
https://i.redd.it/bz4fk4eembua1.jpg,/r/painting/comments/12ohowi/eiffel_tower_at_sunset/,https://www.reddit.com/r/painting/comments/12ohowi/eiffel_tower_at_sunset/
https://i.redd.it/r5ezzh8jjeta1.jpg,/r/Minecraft/comments/12j627e/minecraft_how_to_make_the_eiffel_tower/,https://www.reddit.com/r/Minecraft/comments/12j627e/minecraft_how_to_make_the_eiffel_tower/
https://i.redd.it/tqq9dea2awia1.jpg,/r/FortniteCreative/comments/1153wxu/the_eiffel_tower_paris_france/,https://www.reddit.com/r/FortniteCreative/comments/1153wxu/the_eiffel_tower_paris_france/
https://i.redd.it/wl9ld8b6twsa1.jpg,/r/Handhelds/comments/12gswjk/from_the_eiffel_tower/,https://www.reddit.com/r/Handhelds/comments/12gswjk/from_the_eiffel_tower/
https://i.redd.it/99ory1binnfa1.jpg,/r/ender3/comments/10r0rnn/eiffel_tower_getting_closer_what_should_i_be/,https://www.reddit.com/r/ender3/comments/10r0rnn/eiffel_tower_getting_closer_what_should_i_be/
https://i.redd.it/if0kotd2jkoa1.jpg,/r/birdspapayasarah/comments/11utcpy/speaking_of_her_lack_of_diverse_travel_despite/,https://www.reddit.com/r/birdspapayasarah/comments/11utcpy/speaking_of_her_lack_of_diverse_travel_despite/
https://i.redd.it/f3knm7tfhpna1.png,/r/paris/comments/11r614a/stylized_eiffel_tower/,https://www.reddit.com/r/paris/comments/11r614a/stylized_eiffel_tower/
https://i.redd.it/4jkw4b1rpfia1.jpg,/r/JennaOrtega_/comments/1134hst/with_her_mom_at_the_eiffel_tower/,https://www.reddit.com/r/JennaOrtega_/comments/1134hst/with_her_mom_at_the_eiffel_tower/
https://i.redd.it/yrc44b5ojeta1.jpg,/r/Minecraftbuilds/comments/12j630y/minecraft_how_to_make_the_eiffel_tower/,https://www.reddit.com/r/Minecraftbuilds/comments/12j630y/minecraft_how_to_make_the_eiffel_tower/
https://i.redd.it/qy1qsn2k4rua1.jpg,/r/itookapicture/comments/12r4y9z/itap_of_the_eiffel_tower/,https://www.reddit.com/r/itookapicture/comments/12r4y9z/itap_of_the_eiffel_tower/
https://i.redd.it/w1ygx8u5yfia1.jpg,/r/oddlyterrifying/comments/113cj7a/painting_the_eiffel_tower_1932/,https://www.reddit.com/r/oddlyterrifying/comments/113cj7a/painting_the_eiffel_tower_1932/
https://i.redd.it/8b26lzr4r1ta1.jpg,/r/lego/comments/12ha7l5/lego_eiffel_tower/,https://www.reddit.com/r/lego/comments/12ha7l5/lego_eiffel_tower/
https://i.redd.it/y2wb2485knaa1.png,/r/shittymoviedetails/comments/105ngle/in_emily_in_paris_2020_episode_2_we_can_see_main/,https://www.reddit.com/r/shittymoviedetails/comments/105ngle/in_emily_in_paris_2020_episode_2_we_can_see_main/
https://i.redd.it/hj9rhdeuc2ba1.jpg,/r/AlternateHistory/comments/107et1a/what_if_the_liberty_tower_eiffel_tower_was_in_new/,https://www.reddit.com/r/AlternateHistory/comments/107et1a/what_if_the_liberty_tower_eiffel_tower_was_in_new/
https://i.redd.it/mofqgwkxhpqa1.jpg,/r/natureporn/comments/125tbfp/eiffel_tower_gardens/,https://www.reddit.com/r/natureporn/comments/125tbfp/eiffel_tower_gardens/
https://i.imgur.com/ipY7kcj.jpg,/r/BrandNewSentence/comments/11acjc2/blended_up_human_meatballs_the_size_of_the_eiffel/,https://www.reddit.com/r/BrandNewSentence/comments/11acjc2/blended_up_human_meatballs_the_size_of_the_eiffel/
https://i.redd.it/w6jcceg1k6pa1.jpg,/r/itookapicture/comments/11xqepg/itap_of_the_eiffel_tower/,https://www.reddit.com/r/itookapicture/comments/11xqepg/itap_of_the_eiffel_tower/
https://i.redd.it/dejebmpoim0a1.png,/r/fakehistoryporn/comments/yy96nc/british_empire_stealing_the_eiffel_tower_1944/,https://www.reddit.com/r/fakehistoryporn/comments/yy96nc/british_empire_stealing_the_eiffel_tower_1944/
https://i.redd.it/7ky5nc5diyra1.jpg,/r/itookapicture/comments/12bsuva/itap_of_the_eiffel_tower/,https://www.reddit.com/r/itookapicture/comments/12bsuva/itap_of_the_eiffel_tower/
https://i.redd.it/ks3xzhu1otra1.png,/r/Minecraftbuilds/comments/12bc4z2/i_made_the_eiffel_tower_in_minecraft_but_its_a/,https://www.reddit.com/r/Minecraftbuilds/comments/12bc4z2/i_made_the_eiffel_tower_in_minecraft_but_its_a/
https://i.redd.it/c045izb6o9ga1.png,/r/FrancePics/comments/10twe4g/everlasting_eiffel_tower/,https://www.reddit.com/r/FrancePics/comments/10twe4g/everlasting_eiffel_tower/
https://i.redd.it/mfx9bipsm9ca1.png,/r/FrancePics/comments/10ctrj3/the_eiffel_tower_in_paris/,https://www.reddit.com/r/FrancePics/comments/10ctrj3/the_eiffel_tower_in_paris/
https://i.redd.it/xn67jz1ihfn91.jpg,/r/FrancePics/comments/xc740m/eiffel_tower_at_night_in_paris_france_oc_1536x2048/,https://www.reddit.com/r/FrancePics/comments/xc740m/eiffel_tower_at_night_in_paris_france_oc_1536x2048/
https://i.redd.it/03nzfz633xg61.jpg,/r/FrancePics/comments/lhvec4/the_view_from_eiffel_tower/,https://www.reddit.com/r/FrancePics/comments/lhvec4/the_view_from_eiffel_tower/
https://i.imgur.com/pjcKLpF.jpg,/r/FrancePics/comments/jhow1v/animated_eiffel_tower_in_night_design_i_made/,https://www.reddit.com/r/FrancePics/comments/jhow1v/animated_eiffel_tower_in_night_design_i_made/
https://i.redd.it/icgxmndwp2h21.jpg,/r/FrancePics/comments/ari1p0/eiffel_tower_and_paris_oc/,https://www.reddit.com/r/FrancePics/comments/ari1p0/eiffel_tower_and_paris_oc/
https://i.redd.it/e9oxgxkky9441.jpg,/r/FrancePics/comments/e9ucwv/fog_covered_eiffel_tower/,https://www.reddit.com/r/FrancePics/comments/e9ucwv/fog_covered_eiffel_tower/
https://i.imgur.com/h81anPJ.jpg,/r/FrancePics/comments/dexb8t/the_worlds_largest_advert_from_19251934_citroen/,https://www.reddit.com/r/FrancePics/comments/dexb8t/the_worlds_largest_advert_from_19251934_citroen/
https://i.redd.it/mdythys1yf721.jpg,/r/FrancePics/comments/aax69t/pic_i_took_just_now_of_the_eiffel_tower/,https://www.reddit.com/r/FrancePics/comments/aax69t/pic_i_took_just_now_of_the_eiffel_tower/
https://i.redd.it/xvvrkt47y6201.jpg,/r/FrancePics/comments/7hucdv/eiffel_tower_oc_3264x1836/,https://www.reddit.com/r/FrancePics/comments/7hucdv/eiffel_tower_oc_3264x1836/
https://i.redd.it/ovr69bq9wigz.png,/r/FrancePics/comments/6uiz9e/eiffel_tower_paris/,https://www.reddit.com/r/FrancePics/comments/6uiz9e/eiffel_tower_paris/
http://farm8.staticflickr.com//7599//17002904435_1a319bd3d4_o.jpg,/r/FrancePics/comments/317irz/pool_mirror_on_enlightened_eiffel_tower_paris/,https://www.reddit.com/r/FrancePics/comments/317irz/pool_mirror_on_enlightened_eiffel_tower_paris/
https://ppcdn.500px.org/89413787/7a54f08fd826c876005f12cee37071881d26c512/2048.jpg,/r/FrancePics/comments/2pseht/sparkling_blue_eiffel_tower_oc_1280x960/,https://www.reddit.com/r/FrancePics/comments/2pseht/sparkling_blue_eiffel_tower_oc_1280x960/
http://i.imgur.com/xQnlB75.jpg,/r/FrancePics/comments/31wnwo/eiffel_tower_from_below_1200x1200/,https://www.reddit.com/r/FrancePics/comments/31wnwo/eiffel_tower_from_below_1200x1200/
http://i.imgur.com/xNbaAop.jpg,/r/FrancePics/comments/39alxo/a_giant_tennis_ball_hanging_from_the_eiffel_tower/,https://www.reddit.com/r/FrancePics/comments/39alxo/a_giant_tennis_ball_hanging_from_the_eiffel_tower/
https://ppcdn.500px.org/97179333/a1f35e7484a539d27acc7c278e5657db79632ef8/2048.jpg,/r/FrancePics/comments/2u2q2c/eiffel_tower_from_montparnasse_2048_x_1320_by/,https://www.reddit.com/r/FrancePics/comments/2u2q2c/eiffel_tower_from_montparnasse_2048_x_1320_by/
http://farm6.staticflickr.com//5584//18812173592_f5e943c2d9_o.jpg,/r/FrancePics/comments/3a2ejy/pont_alexandre_iii_and_the_eiffel_tower_4435x2957/,https://www.reddit.com/r/FrancePics/comments/3a2ejy/pont_alexandre_iii_and_the_eiffel_tower_4435x2957/
https://ppcdn.500px.org/76820073/9d95ec1fd75358a9fc78e2c6e830f93034c3c78d/5.jpg,/r/FrancePics/comments/2r029m/eiffel_tower_fireworks_by_thomas_loder_780x1170/,https://www.reddit.com/r/FrancePics/comments/2r029m/eiffel_tower_fireworks_by_thomas_loder_780x1170/
http://farm6.staticflickr.com//5819//24038807426_d8b37647e8_o.jpg,/r/FrancePics/comments/3yxgmq/eiffel_tower_paris_4636x4000_photo_by_matthieu/,https://www.reddit.com/r/FrancePics/comments/3yxgmq/eiffel_tower_paris_4636x4000_photo_by_matthieu/
https://ppcdn.500px.org/75398233/9e74df81ee0a435a3033e7daf056330a47d48657/2048.jpg,/r/FrancePics/comments/2on7w2/sparkling_eiffel_pariss_steel_jewel_the_eiffel/,https://www.reddit.com/r/FrancePics/comments/2on7w2/sparkling_eiffel_pariss_steel_jewel_the_eiffel/
http://i.imgur.com/Ps0eu.jpg,/r/photography/comments/bqtt6/content_may_be_cliche_but_would_you_critique_this/,https://www.reddit.com/r/photography/comments/bqtt6/content_may_be_cliche_but_would_you_critique_this/
