ID,Image URL,Post Permalink,Post URL
1,https://i.redd.it/hzz149c3qeua1.jpg,/r/pics/comments/12p8sex/tried_to_take_a_panoramic_picture_of_the_eiffel/,https://www.reddit.com/r/pics/comments/12p8sex/tried_to_take_a_panoramic_picture_of_the_eiffel/
2,https://i.imgur.com/Ips7ywt.jpg,/r/pics/comments/12mzi9c/long_exposure_at_the_eiffel_tower_oc/,https://www.reddit.com/r/pics/comments/12mzi9c/long_exposure_at_the_eiffel_tower_oc/
3,https://i.redd.it/gpj0a4alpksa1.jpg,/r/pics/comments/12f0f1x/the_eiffel_tower_from_the_seine/,https://www.reddit.com/r/pics/comments/12f0f1x/the_eiffel_tower_from_the_seine/
4,https://i.redd.it/ezbe9091qura1.jpg,/r/pics/comments/12bfu5y/history_fact_on_this_day_in_1889_the_eiffel_tower/,https://www.reddit.com/r/pics/comments/12bfu5y/history_fact_on_this_day_in_1889_the_eiffel_tower/
5,https://i.redd.it/v9qi29pusula1.jpg,/r/pics/comments/11ioadl/eiffel_tower_having_a_smoke/,https://www.reddit.com/r/pics/comments/11ioadl/eiffel_tower_having_a_smoke/
6,https://i.redd.it/zy6mhddye4ra1.jpg,/r/pics/comments/127m2li/rainbow_trashs_and_eiffel_tower/,https://www.reddit.com/r/pics/comments/127m2li/rainbow_trashs_and_eiffel_tower/
7,https://i.redd.it/iruaf5izbqba1.jpg,/r/pics/comments/10acs5h/the_eiffel_tower_at_golden_hour/,https://www.reddit.com/r/pics/comments/10acs5h/the_eiffel_tower_at_golden_hour/
8,https://i.redd.it/ha0kro3b3a3a1.jpg,/r/pics/comments/z9mfhi/i_needed_a_big_scenery_so_i_photographed_the_lego/,https://www.reddit.com/r/pics/comments/z9mfhi/i_needed_a_big_scenery_so_i_photographed_the_lego/
9,https://i.redd.it/rg25tippovr81.jpg,/r/pics/comments/txi9eg/oc_eiffel_tower_at_night/,https://www.reddit.com/r/pics/comments/txi9eg/oc_eiffel_tower_at_night/
10,https://i.redd.it/tcceu7z8098a1.jpg,/r/pics/comments/zvj4rv/eiffel_tower/,https://www.reddit.com/r/pics/comments/zvj4rv/eiffel_tower/
11,https://i.redd.it/lfhmzno4aor91.jpg,/r/pics/comments/xuyfm0/eiffel_tower_paris_france_2017_oc/,https://www.reddit.com/r/pics/comments/xuyfm0/eiffel_tower_paris_france_2017_oc/
12,https://i.redd.it/fml1z18fhal91.jpg,/r/pics/comments/x3emvp/timeslicing_the_eiffel_tower_oc3600x5400px/,https://www.reddit.com/r/pics/comments/x3emvp/timeslicing_the_eiffel_tower_oc3600x5400px/
13,https://i.redd.it/w92atmf8gms91.jpg,/r/pics/comments/xyzaev/eiffel_tower_paris_tn_oct_2022/,https://www.reddit.com/r/pics/comments/xyzaev/eiffel_tower_paris_tn_oct_2022/
14,https://i.redd.it/krab7ayq50u91.jpg,/r/pics/comments/y4tafa/eiffel_tower_with_the_colors_of_the_ukrainian_flag/,https://www.reddit.com/r/pics/comments/y4tafa/eiffel_tower_with_the_colors_of_the_ukrainian_flag/
15,https://i.redd.it/u2vwbc3zzdd91.jpg,/r/pics/comments/w6et0i/eiffel_tower_las_vegas_oc/,https://www.reddit.com/r/pics/comments/w6et0i/eiffel_tower_las_vegas_oc/
16,https://i.redd.it/co0b4d9908s11.jpg,/r/pics/comments/9o6mqk/tried_to_take_a_panoramic_picture_of_the_eiffel/,https://www.reddit.com/r/pics/comments/9o6mqk/tried_to_take_a_panoramic_picture_of_the_eiffel/
17,https://i.redd.it/i876fp213zk91.jpg,/r/pics/comments/x23n9q/oc_eiffel_tower_at_dusk/,https://www.reddit.com/r/pics/comments/x23n9q/oc_eiffel_tower_at_dusk/
18,https://i.imgur.com/M4nAPA2.jpg,/r/pics/comments/cct8kv/it_took_50_years_to_reach_the_point_where_i_could/,https://www.reddit.com/r/pics/comments/cct8kv/it_took_50_years_to_reach_the_point_where_i_could/
19,https://i.redd.it/xg8otjy4wb781.jpg,/r/pics/comments/rn0ufn/eiffel_tower_under_construction_july_1888/,https://www.reddit.com/r/pics/comments/rn0ufn/eiffel_tower_under_construction_july_1888/
20,https://i.redd.it/lrdnar0996881.jpg,/r/pics/comments/rq0tip/eiffel_tower_tonight/,https://www.reddit.com/r/pics/comments/rq0tip/eiffel_tower_tonight/
21,https://i.redd.it/gsb5y77msnw71.jpg,/r/pics/comments/qjbhx4/i_sat_in_front_of_the_eiffel_tower_for_hours_and/,https://www.reddit.com/r/pics/comments/qjbhx4/i_sat_in_front_of_the_eiffel_tower_for_hours_and/
22,https://i.redd.it/1k5h26srggb81.jpg,/r/pics/comments/s2z7ym/slightly_different_view_of_the_eiffel_tower/,https://www.reddit.com/r/pics/comments/s2z7ym/slightly_different_view_of_the_eiffel_tower/
23,https://i.redd.it/28i5hl9lw0181.jpg,/r/pics/comments/qz5vbi/the_mighty_eiffel_tower_shot_yesterday_on_iphone/,https://www.reddit.com/r/pics/comments/qz5vbi/the_mighty_eiffel_tower_shot_yesterday_on_iphone/
24,https://i.redd.it/7o1i32q2rg981.jpg,/r/pics/comments/rv08wf/britney_spears_in_eiffel_tower_in_2000/,https://www.reddit.com/r/pics/comments/rv08wf/britney_spears_in_eiffel_tower_in_2000/
25,https://i.redd.it/nwc6dtfyx7a81.jpg,/r/pics/comments/ry1uju/eiffel_tower/,https://www.reddit.com/r/pics/comments/ry1uju/eiffel_tower/
26,https://i.redd.it/qco4tfcomf281.jpg,/r/pics/comments/r4j5uh/the_eiffel_tower_shot_with_my_phone_camera/,https://www.reddit.com/r/pics/comments/r4j5uh/the_eiffel_tower_shot_with_my_phone_camera/
27,https://i.redd.it/svypji4xzwr81.jpg,/r/pics/comments/txmt1y/oc_eiffel_tower_during_the_day/,https://www.reddit.com/r/pics/comments/txmt1y/oc_eiffel_tower_during_the_day/
28,https://i.redd.it/ujlb0ep0y1s61.jpg,/r/pics/comments/mn6q25/a_less_common_angle_of_the_eiffel_tower_next_to/,https://www.reddit.com/r/pics/comments/mn6q25/a_less_common_angle_of_the_eiffel_tower_next_to/
29,https://i.redd.it/jcb8ye2uf1w71.jpg,/r/pics/comments/qh3hwm/tried_to_get_an_artistic_shot_of_the_eiffel_tower/,https://www.reddit.com/r/pics/comments/qh3hwm/tried_to_get_an_artistic_shot_of_the_eiffel_tower/
30,https://i.redd.it/c5wojku9h0z71.jpg,/r/pics/comments/qrrwi9/eiffel_tower_in_construction_paris_1888/,https://www.reddit.com/r/pics/comments/qrrwi9/eiffel_tower_in_construction_paris_1888/
31,https://i.redd.it/jhti1fiv7wl71.jpg,/r/pics/comments/pj0g8z/view_from_on_top_of_the_eiffel_tower/,https://www.reddit.com/r/pics/comments/pj0g8z/view_from_on_top_of_the_eiffel_tower/
32,https://i.redd.it/m96boyn8p4o01.jpg,/r/pics/comments/87a3xk/cool_shot_of_the_eiffel_tower_under_heavy_snow_at/,https://www.reddit.com/r/pics/comments/87a3xk/cool_shot_of_the_eiffel_tower_under_heavy_snow_at/
33,https://i.redd.it/mb0bl4ysfik61.jpg,/r/pics/comments/lvpf5l/the_eiffel_tower_under_construction_1888_colorized/,https://www.reddit.com/r/pics/comments/lvpf5l/the_eiffel_tower_under_construction_1888_colorized/
34,https://i.redd.it/ul81tzsqdhm71.jpg,/r/pics/comments/pkxzdl/the_eiffel_tower_under_construction_1888/,https://www.reddit.com/r/pics/comments/pkxzdl/the_eiffel_tower_under_construction_1888/
35,https://i.redd.it/2g5ne0wu49h61.jpg,/r/pics/comments/lj144k/most_beautiful_spot_to_see_the_eiffel_tower_from/,https://www.reddit.com/r/pics/comments/lj144k/most_beautiful_spot_to_see_the_eiffel_tower_from/
36,https://i.redd.it/alrifemdpzz61.jpg,/r/pics/comments/nftqmi/eiffel_tower_cant_believe_i_got_to_see_it/,https://www.reddit.com/r/pics/comments/nftqmi/eiffel_tower_cant_believe_i_got_to_see_it/
37,http://i.imgur.com/CyuN0bm.jpg,/r/pics/comments/3t432d/the_eiffel_tower_right_now/,https://www.reddit.com/r/pics/comments/3t432d/the_eiffel_tower_right_now/
38,https://i.redd.it/jy61dmwm0kw71.jpg,/r/pics/comments/qixplt/eiffel_tower_on_a_rainy_afternoon_oc/,https://www.reddit.com/r/pics/comments/qixplt/eiffel_tower_on_a_rainy_afternoon_oc/
39,https://i.imgur.com/vRa5O6T.jpg,/r/pics/comments/9zzo68/eiffel_tower_being_built_in_july_1888_colorized/,https://www.reddit.com/r/pics/comments/9zzo68/eiffel_tower_being_built_in_july_1888_colorized/
40,https://i.redd.it/ovs2ugltael71.jpg,/r/pics/comments/phiva1/eiffel_tower_from_2018_oc/,https://www.reddit.com/r/pics/comments/phiva1/eiffel_tower_from_2018_oc/
41,https://i.redd.it/oe2av6y6rvu71.jpg,/r/pics/comments/qd34a8/my_shot_of_eiffel_tower_paris/,https://www.reddit.com/r/pics/comments/qd34a8/my_shot_of_eiffel_tower_paris/
42,https://i.redd.it/sp3dblpnz6581.jpg,/r/pics/comments/rf0nt4/that_small_museum_with_eiffel_tower_view_in_the/,https://www.reddit.com/r/pics/comments/rf0nt4/that_small_museum_with_eiffel_tower_view_in_the/
43,https://i.redd.it/qinmaa7h7g671.jpg,/r/pics/comments/o49hfs/my_favorite_shot_of_eiffel_tower_that_i_took_4/,https://www.reddit.com/r/pics/comments/o49hfs/my_favorite_shot_of_eiffel_tower_that_i_took_4/
44,https://i.redd.it/ob0suwroc8n61.jpg,/r/pics/comments/m5qh3u/the_eiffel_tower_lit_up_at_night/,https://www.reddit.com/r/pics/comments/m5qh3u/the_eiffel_tower_lit_up_at_night/
45,https://i.redd.it/8fx38vn9y2r71.jpg,/r/pics/comments/q00ko7/took_a_picture_of_the_eiffel_tower/,https://www.reddit.com/r/pics/comments/q00ko7/took_a_picture_of_the_eiffel_tower/
46,https://i.redd.it/a52viyv0ry731.jpg,/r/pics/comments/c8frar/eiffel_tower_paris_france/,https://www.reddit.com/r/pics/comments/c8frar/eiffel_tower_paris_france/
47,https://i.redd.it/4f23e4kzvkn51.jpg,/r/pics/comments/iu59yn/when_a_lightning_strikes_the_eiffel_tower/,https://www.reddit.com/r/pics/comments/iu59yn/when_a_lightning_strikes_the_eiffel_tower/
48,https://i.redd.it/r15o9xzkwyp71.jpg,/r/pics/comments/pw91vc/eiffel_tower_at_night/,https://www.reddit.com/r/pics/comments/pw91vc/eiffel_tower_at_night/
49,https://i.imgur.com/DRpjmns.jpg,/r/pics/comments/ml56de/the_eiffel_tower_on_a_foggy_evening_oc/,https://www.reddit.com/r/pics/comments/ml56de/the_eiffel_tower_on_a_foggy_evening_oc/
50,https://i.redd.it/5x1v5ryfo5y61.jpg,/r/pics/comments/n8myig/cherry_blossoms_and_the_eiffel_tower_absolutely/,https://www.reddit.com/r/pics/comments/n8myig/cherry_blossoms_and_the_eiffel_tower_absolutely/
51,https://i.redd.it/21qau1csb0621.png,/r/pics/comments/a8tt87/burning_sky_over_eiffel_towerparis_france/,https://www.reddit.com/r/pics/comments/a8tt87/burning_sky_over_eiffel_towerparis_france/
52,https://i.redd.it/6d4tkss5rvl61.jpg,/r/pics/comments/m0rvrt/painting_i_did_of_the_lights_of_the_eiffel_tower/,https://www.reddit.com/r/pics/comments/m0rvrt/painting_i_did_of_the_lights_of_the_eiffel_tower/
53,https://i.redd.it/5y7h59olgux01.jpg,/r/pics/comments/8jdfju/anyone_whos_been_to_paris_probably_has_a_picture/,https://www.reddit.com/r/pics/comments/8jdfju/anyone_whos_been_to_paris_probably_has_a_picture/
54,https://i.redd.it/0wtvegba3s861.jpg,/r/pics/comments/koi3qh/a_pic_of_the_eiffel_tower_on_the_way_home/,https://www.reddit.com/r/pics/comments/koi3qh/a_pic_of_the_eiffel_tower_on_the_way_home/
55,https://i.redd.it/qu15yacywrz51.jpg,/r/pics/comments/jvqgng/sunrise_at_the_eiffel_tower/,https://www.reddit.com/r/pics/comments/jvqgng/sunrise_at_the_eiffel_tower/
56,https://i.redd.it/82y64ndzy0n71.jpg,/r/pics/comments/pmoas6/eiffel_tower_at_night/,https://www.reddit.com/r/pics/comments/pmoas6/eiffel_tower_at_night/
57,https://i.redd.it/oz1r0dokchy61.jpg,/r/pics/comments/n9v8hc/eiffel_tower_2018_me/,https://www.reddit.com/r/pics/comments/n9v8hc/eiffel_tower_2018_me/
58,https://i.redd.it/l2aq1uto26h61.jpg,/r/pics/comments/lisgs5/the_eiffel_tower_july_1888/,https://www.reddit.com/r/pics/comments/lisgs5/the_eiffel_tower_july_1888/
59,http://i.imgur.com/fhyXcdj.jpg,/r/pics/comments/5pziq8/flipped_this_photo_of_the_eiffel_tower_because/,https://www.reddit.com/r/pics/comments/5pziq8/flipped_this_photo_of_the_eiffel_tower_because/
60,https://i.redd.it/z4v3uqo26bp61.jpg,/r/pics/comments/mdhjup/the_eiffel_tower_at_night_in_the_fog/,https://www.reddit.com/r/pics/comments/mdhjup/the_eiffel_tower_at_night_in_the_fog/
61,https://i.redd.it/dowc6by6p6t31.jpg,/r/pics/comments/djei2s/painting_i_did_of_the_eiffel_tower_inspired_by/,https://www.reddit.com/r/pics/comments/djei2s/painting_i_did_of_the_eiffel_tower_inspired_by/
62,https://i.redd.it/bis2i62fa1g61.jpg,/r/pics/comments/lek5i6/eiffel_tower_on_a_lonely_morning/,https://www.reddit.com/r/pics/comments/lek5i6/eiffel_tower_on_a_lonely_morning/
63,https://i.redd.it/cc6sqm73ys271.jpg,/r/pics/comments/nqftst/eiffel_tower_in_winter_oc/,https://www.reddit.com/r/pics/comments/nqftst/eiffel_tower_in_winter_oc/
64,http://i.imgur.com/tTo7r18.jpg,/r/pics/comments/44nc8n/the_eiffel_tower_july_1888_colorized_by_me/,https://www.reddit.com/r/pics/comments/44nc8n/the_eiffel_tower_july_1888_colorized_by_me/
65,https://i.imgur.com/GCa1Nfv.jpg,/r/pics/comments/ksh58p/lightning_hits_the_eiffel_tower/,https://www.reddit.com/r/pics/comments/ksh58p/lightning_hits_the_eiffel_tower/
66,https://i.redd.it/u37bx344ma021.jpg,/r/pics/comments/9zz2e9/the_eiffel_tower_at_midnight/,https://www.reddit.com/r/pics/comments/9zz2e9/the_eiffel_tower_at_midnight/
67,https://i.redd.it/bk9384b9yy061.jpg,/r/pics/comments/jzffac/how_the_eiffel_tower_looks_from_below/,https://www.reddit.com/r/pics/comments/jzffac/how_the_eiffel_tower_looks_from_below/
68,https://i.redd.it/1q8k798gupd71.jpg,/r/pics/comments/ositp0/eiffel_tower_on_film/,https://www.reddit.com/r/pics/comments/ositp0/eiffel_tower_on_film/
69,http://i.imgur.com/HF7oE.jpg,/r/pics/comments/11b9er/just_discovered_the_panorama_feature_on_my_iphone/,https://www.reddit.com/r/pics/comments/11b9er/just_discovered_the_panorama_feature_on_my_iphone/
70,https://i.redd.it/bgk786sr24u51.jpg,/r/pics/comments/jea1ss/i_took_a_picture_of_the_eiffel_tower/,https://www.reddit.com/r/pics/comments/jea1ss/i_took_a_picture_of_the_eiffel_tower/
71,https://i.redd.it/x83735m8kdk51.jpg,/r/pics/comments/ik2n27/afternoon_in_paris_eiffel_tower/,https://www.reddit.com/r/pics/comments/ik2n27/afternoon_in_paris_eiffel_tower/
72,https://i.redd.it/z2uix5sjj2o61.jpg,/r/pics/comments/m8u1x2/my_photo_of_the_eiffel_tower_hehe_but_still_a/,https://www.reddit.com/r/pics/comments/m8u1x2/my_photo_of_the_eiffel_tower_hehe_but_still_a/
73,https://i.redd.it/4ttm1h3059c61.jpg,/r/pics/comments/l0fvzb/eiffel_tower_from_the_bank_of_the_seine/,https://www.reddit.com/r/pics/comments/l0fvzb/eiffel_tower_from_the_bank_of_the_seine/
74,https://i.redd.it/nm7kvurep0d61.jpg,/r/pics/comments/l361j3/picture_of_eiffel_tower/,https://www.reddit.com/r/pics/comments/l361j3/picture_of_eiffel_tower/
75,http://i.imgur.com/kEdw6.jpg,/r/pics/comments/mg64i/the_scale_of_the_eiffel_tower/,https://www.reddit.com/r/pics/comments/mg64i/the_scale_of_the_eiffel_tower/
76,https://i.redd.it/9g68v31nuz561.jpg,/r/pics/comments/kfrem2/eiffel_tower_through_the_trees/,https://www.reddit.com/r/pics/comments/kfrem2/eiffel_tower_through_the_trees/
77,https://i.redd.it/cn3mdf1yydy11.jpg,/r/pics/comments/9x5v8n/an_illegal_night_time_photo_of_the_eiffel_tower/,https://www.reddit.com/r/pics/comments/9x5v8n/an_illegal_night_time_photo_of_the_eiffel_tower/
78,https://i.redd.it/ve0amhy810961.jpg,/r/pics/comments/kp7t68/eiffel_tower/,https://www.reddit.com/r/pics/comments/kp7t68/eiffel_tower/
79,https://i.redd.it/ua0xthfqtkz31.jpg,/r/pics/comments/dyfxdk/eiffel_tower_at_night_35mm_f4_30s_iso_800/,https://www.reddit.com/r/pics/comments/dyfxdk/eiffel_tower_at_night_35mm_f4_30s_iso_800/
80,https://i.redd.it/wjdweb5fv1z51.jpg,/r/pics/comments/jtl5e2/a_plain_pic_of_the_eiffel_tower/,https://www.reddit.com/r/pics/comments/jtl5e2/a_plain_pic_of_the_eiffel_tower/
81,https://i.redd.it/t8pd117gmds51.jpg,/r/pics/comments/j8xc61/the_eiffel_tower_paris/,https://www.reddit.com/r/pics/comments/j8xc61/the_eiffel_tower_paris/
82,https://i.redd.it/fj2dzdyvi6821.jpg,/r/pics/comments/ac487u/eiffel_tower_in_the_fog_was_hoping_to_get_a/,https://www.reddit.com/r/pics/comments/ac487u/eiffel_tower_in_the_fog_was_hoping_to_get_a/
83,https://i.redd.it/fgh7pkptb8t51.jpg,/r/pics/comments/jbkhxz/light_painting_at_the_eiffel_tower/,https://www.reddit.com/r/pics/comments/jbkhxz/light_painting_at_the_eiffel_tower/
84,https://i.redd.it/d2dlvsuah9d51.jpg,/r/pics/comments/hye57w/eiffel_tower_at_night/,https://www.reddit.com/r/pics/comments/hye57w/eiffel_tower_at_night/
85,https://i.redd.it/q50ok27rves51.jpg,/r/pics/comments/j90kgl/eiffel_tower/,https://www.reddit.com/r/pics/comments/j90kgl/eiffel_tower/
86,https://i.redd.it/0269i2o7lx351.jpg,/r/pics/comments/h048ns/someone_took_a_panoramic_picture_of_eiffel_tower/,https://www.reddit.com/r/pics/comments/h048ns/someone_took_a_panoramic_picture_of_eiffel_tower/
87,https://i.redd.it/e1qpba1hn5261.jpg,/r/pics/comments/k376yi/vertical_panorama_at_the_eiffel_tower/,https://www.reddit.com/r/pics/comments/k376yi/vertical_panorama_at_the_eiffel_tower/
88,https://i.redd.it/xoun5l4yfef31.jpg,/r/pics/comments/co0fc8/i_have_finally_seen_the_eiffel_tower_cheers/,https://www.reddit.com/r/pics/comments/co0fc8/i_have_finally_seen_the_eiffel_tower_cheers/
89,https://i.redd.it/ec9dpqipyz351.jpg,/r/pics/comments/h02bld/panoramic_eiffel_tower/,https://www.reddit.com/r/pics/comments/h02bld/panoramic_eiffel_tower/
90,https://i.redd.it/par4fl7jmfc31.jpg,/r/pics/comments/chm94a/lunar_eclipse_caught_in_the_eiffel_tower/,https://www.reddit.com/r/pics/comments/chm94a/lunar_eclipse_caught_in_the_eiffel_tower/
91,https://i.redd.it/6ytqsvrpm1751.jpg,/r/pics/comments/hfklo9/hitler_at_the_eiffel_tower_paris_1940/,https://www.reddit.com/r/pics/comments/hfklo9/hitler_at_the_eiffel_tower_paris_1940/
92,https://i.redd.it/wujeywx8y4151.jpg,/r/pics/comments/gr081d/the_eiffel_tower_taken_by_me_01022015_an/,https://www.reddit.com/r/pics/comments/gr081d/the_eiffel_tower_taken_by_me_01022015_an/
93,https://i.redd.it/4hvbjbn3y6s31.jpg,/r/pics/comments/dh2dbp/photo_of_eiffel_tower_i_took_tonight/,https://www.reddit.com/r/pics/comments/dh2dbp/photo_of_eiffel_tower_i_took_tonight/
94,https://i.redd.it/bg6c1pm36u441.jpg,/r/pics/comments/eb2493/the_eiffel_tower_at_night_with_a_heavy_fog_op/,https://www.reddit.com/r/pics/comments/eb2493/the_eiffel_tower_at_night_with_a_heavy_fog_op/
95,https://i.redd.it/o960au2ct1z41.jpg,/r/pics/comments/gkny5p/up_zee_eiffel_tower/,https://www.reddit.com/r/pics/comments/gkny5p/up_zee_eiffel_tower/
96,https://i.redd.it/jcp586zl26c51.jpg,/r/pics/comments/hv3ebw/paris_full_moon_eiffel_tower_2019/,https://www.reddit.com/r/pics/comments/hv3ebw/paris_full_moon_eiffel_tower_2019/
97,https://i.redd.it/pl19as13a5v41.jpg,/r/pics/comments/g8ck16/side_view_of_the_eiffel_tower_in_paris_france/,https://www.reddit.com/r/pics/comments/g8ck16/side_view_of_the_eiffel_tower_in_paris_france/
98,https://i.redd.it/umeywucr65041.jpg,/r/pics/comments/dztsh9/i_recently_traveled_to_paris_and_saw_the_eiffel/,https://www.reddit.com/r/pics/comments/dztsh9/i_recently_traveled_to_paris_and_saw_the_eiffel/
99,https://i.imgur.com/lBdEJcO.jpg,/r/pics/comments/82qj61/what_the_eiffel_tower_in_paris_looks_like_from/,https://www.reddit.com/r/pics/comments/82qj61/what_the_eiffel_tower_in_paris_looks_like_from/
100,https://i.redd.it/ca36hp9jp9921.jpg,/r/pics/comments/adz7s3/its_amazing_what_a_phone_can_do_these_days_pixel/,https://www.reddit.com/r/pics/comments/adz7s3/its_amazing_what_a_phone_can_do_these_days_pixel/
101,https://i.redd.it/z76k1wtp4t821.jpg,/r/pics/comments/ad5oxr/a_lightning_hitting_the_eiffel_tower_as_captured/,https://www.reddit.com/r/pics/comments/ad5oxr/a_lightning_hitting_the_eiffel_tower_as_captured/
102,https://i.redd.it/un8kk3brn1v41.jpg,/r/pics/comments/g836kp/eiffel_tower_at_sunset/,https://www.reddit.com/r/pics/comments/g836kp/eiffel_tower_at_sunset/
103,https://i.redd.it/2kr0huvhv0h61.jpg,/r/pics/comments/li8ao9/eiffel_tower_in_the_snow/,https://www.reddit.com/r/pics/comments/li8ao9/eiffel_tower_in_the_snow/
104,https://i.redd.it/hsrmurcx4rf31.jpg,/r/pics/comments/cosqwc/eiffel_tower_from_atop_the_arc_de_triomphe/,https://www.reddit.com/r/pics/comments/cosqwc/eiffel_tower_from_atop_the_arc_de_triomphe/
105,https://i.imgur.com/M5aCIxo.jpg,/r/pics/comments/eikn0c/the_eiffel_tower_on_a_misty_night/,https://www.reddit.com/r/pics/comments/eikn0c/the_eiffel_tower_on_a_misty_night/
106,https://i.redd.it/p75kjjllht051.jpg,/r/pics/comments/gq23yo/eiffel_tower_paris_france/,https://www.reddit.com/r/pics/comments/gq23yo/eiffel_tower_paris_france/
107,https://i.redd.it/ih5imjesvsg31.jpg,/r/pics/comments/cr5cns/also_the_eiffel_tower_at_night/,https://www.reddit.com/r/pics/comments/cr5cns/also_the_eiffel_tower_at_night/
108,https://i.redd.it/a61vufyqjcs41.png,/r/pics/comments/fzsz3e/eiffel_tower_paris_france_oc_3440x1440/,https://www.reddit.com/r/pics/comments/fzsz3e/eiffel_tower_paris_france_oc_3440x1440/
109,http://www.spaceweather.com/swpod2009/28may09/Hakim-Atek1.jpg,/r/pics/comments/bzf6n/the_upward_branching_in_this_photo_shows_that_the/,https://www.reddit.com/r/pics/comments/bzf6n/the_upward_branching_in_this_photo_shows_that_the/
110,https://i.redd.it/ztqyw0iddgc51.jpg,/r/pics/comments/hvza8a/view_of_the_eiffel_tower/,https://www.reddit.com/r/pics/comments/hvza8a/view_of_the_eiffel_tower/
111,https://i.redd.it/29cj913wi6o31.jpg,/r/pics/comments/d7th1p/obligatory_tourist_photo_of_the_eiffel_tower/,https://www.reddit.com/r/pics/comments/d7th1p/obligatory_tourist_photo_of_the_eiffel_tower/
112,https://i.redd.it/iggqp2sgbhz21.jpg,/r/pics/comments/br53ab/the_beautiful_eiffel_tower_photo_taken_by_me_on/,https://www.reddit.com/r/pics/comments/br53ab/the_beautiful_eiffel_tower_photo_taken_by_me_on/
113,https://i.redd.it/fizzooifm4o31.jpg,/r/pics/comments/d7ox1n/the_worlds_largest_advert_from_19251934_citroen/,https://www.reddit.com/r/pics/comments/d7ox1n/the_worlds_largest_advert_from_19251934_citroen/
114,https://i.redd.it/abmkoor0jyn21.jpg,/r/pics/comments/b4pyaq/eiffel_tower_paris/,https://www.reddit.com/r/pics/comments/b4pyaq/eiffel_tower_paris/
115,https://i.redd.it/jjvpndxi90ra1.jpg,/r/europe/comments/127ajhj/on_this_day_in_1889_the_eiffel_tower_was/,https://www.reddit.com/r/europe/comments/127ajhj/on_this_day_in_1889_the_eiffel_tower_was/
116,https://i.redd.it/8980jfai83ua1.jpg,/r/fuckcars/comments/12n1puo/the_project_of_massive_pedestrianization_of_the/,https://www.reddit.com/r/fuckcars/comments/12n1puo/the_project_of_massive_pedestrianization_of_the/
117,https://i.redd.it/d5358tv3tjsa1.png,/r/MoeMorphism/comments/12f3w6f/eiffel_tower/,https://www.reddit.com/r/MoeMorphism/comments/12f3w6f/eiffel_tower/
118,https://i.redd.it/8980jfai83ua1.jpg,/r/notjustbikes/comments/12n1riz/the_project_of_massive_pedestrianization_of_the/,https://www.reddit.com/r/notjustbikes/comments/12n1riz/the_project_of_massive_pedestrianization_of_the/
119,https://i.redd.it/yovy9ube61ka1.jpg,/r/ukraine/comments/11a6aso/the_eiffel_tower_is_light_up_in_yellow_and_blue/,https://www.reddit.com/r/ukraine/comments/11a6aso/the_eiffel_tower_is_light_up_in_yellow_and_blue/
120,https://i.redd.it/hmbfewap51ka1.jpg,/r/UkraineWarVideoReport/comments/11a67f9/eiffel_tower_now/,https://www.reddit.com/r/UkraineWarVideoReport/comments/11a67f9/eiffel_tower_now/
121,https://i.redd.it/lr3dbmjn0cla1.png,/r/shittymoviedetails/comments/11fxyot/in_imax_2023_keanu_reeves_plays_a_guy_called_max/,https://www.reddit.com/r/shittymoviedetails/comments/11fxyot/in_imax_2023_keanu_reeves_plays_a_guy_called_max/
122,https://i.imgur.com/8vWpxxO.jpg,/r/iPhoneography/comments/12mzhz3/long_exposure_at_the_eiffel_tower/,https://www.reddit.com/r/iPhoneography/comments/12mzhz3/long_exposure_at_the_eiffel_tower/
123,https://i.redd.it/gfvqbkjnc3qa1.jpg,/r/TheWayWeWere/comments/122gnnl/progress_of_the_eiffel_tower_28_january_188715/,https://www.reddit.com/r/TheWayWeWere/comments/122gnnl/progress_of_the_eiffel_tower_28_january_188715/
124,https://i.redd.it/kl9u3jlcj7ra1.jpg,/r/shittymoviedetails/comments/128c6ix/in_spite_of_promotional_material_containing/,https://www.reddit.com/r/shittymoviedetails/comments/128c6ix/in_spite_of_promotional_material_containing/
125,https://i.redd.it/vnx40q6m6pra1.jpg,/r/MakimaDivinity/comments/12ahosy/horsemen_just_chilling_in_paris_in_1940_art_by/,https://www.reddit.com/r/MakimaDivinity/comments/12ahosy/horsemen_just_chilling_in_paris_in_1940_art_by/
126,https://i.redd.it/jjvpndxi90ra1.jpg,/r/Tartaria/comments/127fza8/on_this_day_in_1889_the_eiffel_tower_was/,https://www.reddit.com/r/Tartaria/comments/127fza8/on_this_day_in_1889_the_eiffel_tower_was/
127,https://i.redd.it/dytnfsrt2kta1.jpg,/r/BeAmazed/comments/12k7b1g/eiffel_tower_scenery/,https://www.reddit.com/r/BeAmazed/comments/12k7b1g/eiffel_tower_scenery/
128,https://i.redd.it/4cpkzdz27xqa1.jpg,/r/CrossStitch/comments/126vdfs/wip_my_kids_are_obsessed_with_eiffel_tower_and/,https://www.reddit.com/r/CrossStitch/comments/126vdfs/wip_my_kids_are_obsessed_with_eiffel_tower_and/
129,https://i.redd.it/qly7m86x2kta1.jpg,/r/CityPorn/comments/12k7b92/eiffel_tower_scenery_1920x1080/,https://www.reddit.com/r/CityPorn/comments/12k7b92/eiffel_tower_scenery_1920x1080/
130,https://i.redd.it/jjvpndxi90ra1.jpg,/r/RetroFuturism/comments/127ul08/on_this_day_in_1889_the_eiffel_tower_was/,https://www.reddit.com/r/RetroFuturism/comments/127ul08/on_this_day_in_1889_the_eiffel_tower_was/
131,https://i.redd.it/pa4t8epciyha1.jpg,/r/CityPorn/comments/11182l4/took_this_picture_of_two_guys_watching_the_eiffel/,https://www.reddit.com/r/CityPorn/comments/11182l4/took_this_picture_of_two_guys_watching_the_eiffel/
132,https://i.redd.it/f8qfdrlvtbsa1.png,/r/JessetcSubmissions/comments/12dxif0/eiffel_tower_part_2_gonna_work_on_the_legs/,https://www.reddit.com/r/JessetcSubmissions/comments/12dxif0/eiffel_tower_part_2_gonna_work_on_the_legs/
133,https://i.redd.it/yzr78uyimqpa1.jpg,/r/Pikmin/comments/120v1uu/in_hopes_of_being_in_pikmin_4_the_bulbmin_are/,https://www.reddit.com/r/Pikmin/comments/120v1uu/in_hopes_of_being_in_pikmin_4_the_bulbmin_are/
134,https://i.redd.it/5lnetyhiwzna1.jpg,/r/RedditThroughHistory/comments/11sehbp/who_the_hell_thought_putting_an_ad_right_on_the/,https://www.reddit.com/r/RedditThroughHistory/comments/11sehbp/who_the_hell_thought_putting_an_ad_right_on_the/
135,https://i.redd.it/n8wtio203kta1.jpg,/r/wallpapers/comments/12k7bnk/eiffel_tower_scenery_1920x1080/,https://www.reddit.com/r/wallpapers/comments/12k7bnk/eiffel_tower_scenery_1920x1080/
136,https://i.redd.it/s67mvb6ssm8a1.jpg,/r/itookapicture/comments/zx3chg/itap_of_the_eiffel_tower_at_night/,https://www.reddit.com/r/itookapicture/comments/zx3chg/itap_of_the_eiffel_tower_at_night/
137,https://i.imgur.com/vdr7A8Q.jpg,/r/MostBeautiful/comments/12mzigb/long_exposure_at_the_eiffel_tower_oc/,https://www.reddit.com/r/MostBeautiful/comments/12mzigb/long_exposure_at_the_eiffel_tower_oc/
138,https://i.redd.it/fqs6xcid0eja1.jpg,/r/itookapicture/comments/1176q8f/itap_of_the_eiffel_tower/,https://www.reddit.com/r/itookapicture/comments/1176q8f/itap_of_the_eiffel_tower/
139,https://i.redd.it/zez1emj1iota1.jpg,/r/analog/comments/12kut1c/eiffel_tower_leica_m6_voigtlander_35mm_25_portra/,https://www.reddit.com/r/analog/comments/12kut1c/eiffel_tower_leica_m6_voigtlander_35mm_25_portra/
140,https://i.redd.it/4rk9jvukqmja1.jpg,/r/photocritique/comments/118crbd/paris_eiffel_tower/,https://www.reddit.com/r/photocritique/comments/118crbd/paris_eiffel_tower/
141,https://i.redd.it/lehbvkam41oa1.jpg,/r/Damnthatsinteresting/comments/11sk6ix/what_the_eiffel_tower_looked_like_from_1925_to/,https://www.reddit.com/r/Damnthatsinteresting/comments/11sk6ix/what_the_eiffel_tower_looked_like_from_1925_to/
142,https://i.redd.it/nvplihly2kta1.jpg,/r/wallpaper/comments/12k7bg7/eiffel_tower_scenery_1920x1080/,https://www.reddit.com/r/wallpaper/comments/12k7bg7/eiffel_tower_scenery_1920x1080/
143,https://i.redd.it/wno0l3ekh24a1.jpg,/r/lego/comments/zd4p93/i_needed_a_big_scenery_so_i_photographed_the_lego/,https://www.reddit.com/r/lego/comments/zd4p93/i_needed_a_big_scenery_so_i_photographed_the_lego/
144,https://i.redd.it/8ue8adxgtgua1.jpg,/r/sexybuildings/comments/12pm3g0/eiffel_tower/,https://www.reddit.com/r/sexybuildings/comments/12pm3g0/eiffel_tower/
145,https://i.imgur.com/fbNQoru.jpg,/r/itookapicture/comments/12pud6f/itap_of_the_eiffel_tower/,https://www.reddit.com/r/itookapicture/comments/12pud6f/itap_of_the_eiffel_tower/
146,https://i.redd.it/9fh4x38ystta1.jpg,/r/photographs/comments/12ll5lp/eiffel_tower/,https://www.reddit.com/r/photographs/comments/12ll5lp/eiffel_tower/
147,https://i.redd.it/nxm8e3gs6hoa1.jpg,/r/photographs/comments/11ukkp1/the_eiffel_tower_never_fails_to_amaze/,https://www.reddit.com/r/photographs/comments/11ukkp1/the_eiffel_tower_never_fails_to_amaze/
148,https://i.redd.it/2n8lzstkd9pa1.jpg,/r/itookapicture/comments/11yd6me/itap_of_the_eiffel_tower/,https://www.reddit.com/r/itookapicture/comments/11yd6me/itap_of_the_eiffel_tower/
149,https://i.redd.it/st8rt1j8f48a1.jpg,/r/lego/comments/zv2gp7/eiffel_tower_is_such_a_beautiful_set/,https://www.reddit.com/r/lego/comments/zv2gp7/eiffel_tower_is_such_a_beautiful_set/
150,https://i.redd.it/ttbbtrpvveda1.jpg,/r/shitposting/comments/10hnwif/the_famous_eiffel_tower_melts_due_to_climate/,https://www.reddit.com/r/shitposting/comments/10hnwif/the_famous_eiffel_tower_melts_due_to_climate/
151,https://i.redd.it/cdhnf8ea493a1.png,/r/Minecraftbuilds/comments/z9j2z1/i_am_building_the_eiffel_tower_in_minecraft/,https://www.reddit.com/r/Minecraftbuilds/comments/z9j2z1/i_am_building_the_eiffel_tower_in_minecraft/
152,https://i.redd.it/wl9ld8b6twsa1.jpg,/r/Handhelds/comments/12gswjk/from_the_eiffel_tower/,https://www.reddit.com/r/Handhelds/comments/12gswjk/from_the_eiffel_tower/
153,https://i.redd.it/f3knm7tfhpna1.png,/r/paris/comments/11r614a/stylized_eiffel_tower/,https://www.reddit.com/r/paris/comments/11r614a/stylized_eiffel_tower/
154,https://i.redd.it/qy1qsn2k4rua1.jpg,/r/itookapicture/comments/12r4y9z/itap_of_the_eiffel_tower/,https://www.reddit.com/r/itookapicture/comments/12r4y9z/itap_of_the_eiffel_tower/
155,https://i.redd.it/mfx9bipsm9ca1.png,/r/FrancePics/comments/10ctrj3/the_eiffel_tower_in_paris/,https://www.reddit.com/r/FrancePics/comments/10ctrj3/the_eiffel_tower_in_paris/
156,https://i.redd.it/xn67jz1ihfn91.jpg,/r/FrancePics/comments/xc740m/eiffel_tower_at_night_in_paris_france_oc_1536x2048/,https://www.reddit.com/r/FrancePics/comments/xc740m/eiffel_tower_at_night_in_paris_france_oc_1536x2048/
157,https://i.redd.it/03nzfz633xg61.jpg,/r/FrancePics/comments/lhvec4/the_view_from_eiffel_tower/,https://www.reddit.com/r/FrancePics/comments/lhvec4/the_view_from_eiffel_tower/
158,https://i.redd.it/icgxmndwp2h21.jpg,/r/FrancePics/comments/ari1p0/eiffel_tower_and_paris_oc/,https://www.reddit.com/r/FrancePics/comments/ari1p0/eiffel_tower_and_paris_oc/
159,https://i.imgur.com/h81anPJ.jpg,/r/FrancePics/comments/dexb8t/the_worlds_largest_advert_from_19251934_citroen/,https://www.reddit.com/r/FrancePics/comments/dexb8t/the_worlds_largest_advert_from_19251934_citroen/
160,https://i.redd.it/mdythys1yf721.jpg,/r/FrancePics/comments/aax69t/pic_i_took_just_now_of_the_eiffel_tower/,https://www.reddit.com/r/FrancePics/comments/aax69t/pic_i_took_just_now_of_the_eiffel_tower/
161,https://i.redd.it/xvvrkt47y6201.jpg,/r/FrancePics/comments/7hucdv/eiffel_tower_oc_3264x1836/,https://www.reddit.com/r/FrancePics/comments/7hucdv/eiffel_tower_oc_3264x1836/
162,http://farm8.staticflickr.com//7599//17002904435_1a319bd3d4_o.jpg,/r/FrancePics/comments/317irz/pool_mirror_on_enlightened_eiffel_tower_paris/,https://www.reddit.com/r/FrancePics/comments/317irz/pool_mirror_on_enlightened_eiffel_tower_paris/
163,http://i.imgur.com/xNbaAop.jpg,/r/FrancePics/comments/39alxo/a_giant_tennis_ball_hanging_from_the_eiffel_tower/,https://www.reddit.com/r/FrancePics/comments/39alxo/a_giant_tennis_ball_hanging_from_the_eiffel_tower/
164,https://ppcdn.500px.org/75398233/9e74df81ee0a435a3033e7daf056330a47d48657/2048.jpg,/r/FrancePics/comments/2on7w2/sparkling_eiffel_pariss_steel_jewel_the_eiffel/,https://www.reddit.com/r/FrancePics/comments/2on7w2/sparkling_eiffel_pariss_steel_jewel_the_eiffel/
